country,Administrative_unit,"HDR(lower, upper)",pop,unowned_prop,bpi_per100k,pStart_healthy,pCompliance_healthy,pSeek_exposure,pStart_exposure,pCompliance_exp,base_vax_cov_owned,target_vax_cov_owned,base_vax_cov_unowned,target_vax_cov_unowned,RIG_cov,PEP_vials_per_pt,max_pSeek_exposure,scenario
India,KeralaState,"c(15,16)","35,000,000",0.63,1530,0.9684211,0.9654,0.95,0.9684211,0.9654,0.5,0.5,0.03,0.03,0.38,0.66,0.97,SQ
India,KeralaState,"c(15,16)","35,000,000",0.63,1683,0.9684211,0.9654,0.97,0.99,0.9654,0.5,0.5,0.03,0.03,0.38,0.66,0.97,PEP
India,KeralaState,"c(15,16)","35,000,000",0.63,1530,0.9684211,0.9654,0.95,0.9684211,0.9654,0.5,0.7,0.03,0.7,0.38,0.66,0.97,MDV
India,KeralaState,"c(15,16)","35,000,000",0.63,1530,0.9684211,0.9654,0.95,0.99,0.9654,0.5,0.7,0.03,0.7,0.38,0.66,0.97,IBCM_MDV
India,KeralaState,"c(15,16)","35,000,000",0.63,1530,0.9684211,0.9654,0.95,0.99,0.9654,0.5,0.5,0.03,0.03,0.38,0.66,0.97,IBCM
Kenya,National,"c(8,14)","58,722,068",0,119,0.2,0.4472136,0.72,0.67,0.6299408,0.15,0.15,0,0,0,2,0.95,SQ
Kenya,National,"c(8,14)","58,722,068",0,130.9,0.2,0.4472136,0.85,0.99,0.6299408,0.15,0.15,0,0,0,2,0.95,PEP
Kenya,National,"c(8,14)","58,722,068",0,119,0.2,0.4472136,0.72,0.67,0.6299408,0.15,0.7,0,0,0,2,0.95,MDV
Kenya,National,"c(8,14)","58,722,068",0,119,0.2,0.4472136,0.72,0.99,0.6299408,0.15,0.7,0,0,0,2,0.95,IBCM_MDV
Kenya,National,"c(8,14)","58,722,068",0,119,0.2,0.4472136,0.72,0.99,0.6299408,0.15,0.15,0,0,0,2,0.95,IBCM
Madagascar,MoramangaDistrict,"c(8,25)","350,724",0,158.8,0.84,0.87,0.84,0.9,0.9,0.05,0.05,0,0,0,0.8,0.95,SQ
Madagascar,MoramangaDistrict,"c(8,25)","350,724",0,174.68,0.84,0.87,0.924,0.99,0.9,0.05,0.05,0,0,0,0.8,0.95,PEP
Madagascar,MoramangaDistrict,"c(8,25)","350,724",0,158.8,0.84,0.87,0.84,0.9,0.9,0.05,0.7,0,0,0,0.8,0.95,MDV
Madagascar,MoramangaDistrict,"c(8,25)","350,724",0,158.8,0.84,0.87,0.84,0.99,0.9,0.05,0.7,0,0,0,0.8,0.95,IBCM_MDV
Madagascar,MoramangaDistrict,"c(8,25)","350,724",0,158.8,0.84,0.87,0.84,0.99,0.9,0.05,0.05,0,0,0,0.8,0.95,IBCM
Nigeria,KadunaState,"c(18,24)","9,032,200",0,1,0.2,0.4472136,0.65,0.8,0.9,0.15,0.15,0,0,0,2,0.95,SQ
Nigeria,KadunaState,"c(18,24)","9,032,200",0,1.1,0.2,0.4472136,0.85,0.99,0.9,0.15,0.15,0,0,0,2,0.95,PEP
Nigeria,KadunaState,"c(18,24)","9,032,200",0,1,0.2,0.4472136,0.65,0.8,0.9,0.15,0.7,0,0,0,2,0.95,MDV
Nigeria,KadunaState,"c(18,24)","9,032,200",0,1,0.2,0.4472136,0.65,0.99,0.9,0.15,0.7,0,0,0,2,0.95,IBCM_MDV
Nigeria,KadunaState,"c(18,24)","9,032,200",0,1,0.2,0.4472136,0.65,0.99,0.9,0.15,0.15,0,0,0,2,0.95,IBCM
Nigeria,National,"c(18,24)","227,963,272",0,5,0.2,0.4472136,0.6,0.67,0.6299408,0.15,0.15,0,0,0,2,0.95,SQ
Nigeria,National,"c(18,24)","227,963,272",0,5,0.2,0.4472136,0.85,0.99,0.6299408,0.15,0.15,0,0,0,2,0.95,PEP
Nigeria,National,"c(18,24)","227,963,272",0,5,0.2,0.4472136,0.6,0.67,0.6299408,0.15,0.7,0,0,0,2,0.95,MDV
Nigeria,National,"c(18,24)","227,963,272",0,5,0.2,0.4472136,0.6,0.99,0.6299408,0.15,0.7,0,0,0,2,0.95,IBCM_MDV
Nigeria,National,"c(18,24)","227,963,272",0,5,0.2,0.4472136,0.6,0.99,0.6299408,0.15,0.15,0,0,0,2,0.95,IBCM
Philippines,MIMAROPAregion,"c(3,6)","3,245,446",0,1246,0.74,0.95,0.74,0.99,0.95,0.3,0.3,0,0,0.155,0.66,0.95,SQ
Philippines,MIMAROPAregion,"c(3,6)","3,245,446",0,1370.6,0.74,0.95,0.85,0.99,0.95,0.3,0.3,0,0,0.155,0.66,0.95,PEP
Philippines,MIMAROPAregion,"c(3,6)","3,245,446",0,1246,0.74,0.95,0.74,0.99,0.95,0.3,0.7,0,0,0.155,0.66,0.95,MDV
Philippines,MIMAROPAregion,"c(3,6)","3,245,446",0,1246,0.74,0.95,0.74,0.99,0.95,0.3,0.7,0,0,0.155,0.66,0.95,IBCM_MDV
Philippines,MIMAROPAregion,"c(3,6)","3,245,446",0,1246,0.74,0.95,0.74,0.99,0.95,0.3,0.3,0,0,0.155,0.66,0.95,IBCM
Tanzania,LindiMtwaraRegion,"c(15,40)","2,828,975",0,20,0.2,0.3,0.7,0.67,0.54,0.15,0.15,0,0,0,2,0.95,SQ
Tanzania,LindiMtwaraRegion,"c(15,40)","2,828,975",0,22,0.2,0.3,0.85,0.99,0.54,0.15,0.15,0,0,0,2,0.95,PEP
Tanzania,LindiMtwaraRegion,"c(15,40)","2,828,975",0,20,0.2,0.3,0.7,0.67,0.54,0.15,0.7,0,0,0,2,0.95,MDV
Tanzania,LindiMtwaraRegion,"c(15,40)","2,828,975",0,20,0.2,0.3,0.7,0.99,0.54,0.15,0.7,0,0,0,2,0.95,IBCM_MDV
Tanzania,LindiMtwaraRegion,"c(15,40)","2,828,975",0,20,0.2,0.3,0.7,0.99,0.54,0.15,0.15,0,0,0,2,0.95,IBCM
Tanzania,MaraRegion,"c(5,9)","2,372,015",0,60,0.2,0.41,0.8,0.85,0.54,0.38,0.38,0,0,0,2,0.95,SQ
Tanzania,MaraRegion,"c(5,9)","2,372,015",0,66,0.2,0.41,0.85,0.99,0.54,0.38,0.38,0,0,0,2,0.95,PEP
Tanzania,MaraRegion,"c(5,9)","2,372,015",0,60,0.2,0.41,0.8,0.85,0.54,0.38,0.7,0,0,0,2,0.95,MDV
Tanzania,MaraRegion,"c(5,9)","2,372,015",0,60,0.2,0.41,0.8,0.99,0.54,0.38,0.7,0,0,0,2,0.95,IBCM_MDV
Tanzania,MaraRegion,"c(5,9)","2,372,015",0,60,0.2,0.41,0.8,0.99,0.54,0.38,0.38,0,0,0,2,0.95,IBCM
Tanzania,Zanzibar,"c(90,120)","1,889,773",0,15.4,0.2,0.4,0.8,0.85,0.4,0.15,0.15,0,0,0,2,0.95,SQ
Tanzania,Zanzibar,"c(90,120)","1,889,773",0,16.94,0.2,0.4,0.85,0.99,0.4,0.15,0.15,0,0,0,2,0.95,PEP
Tanzania,Zanzibar,"c(90,120)","1,889,773",0,15.4,0.2,0.4,0.8,0.85,0.4,0.15,0.7,0,0,0,2,0.95,MDV
Tanzania,Zanzibar,"c(90,120)","1,889,773",0,15.4,0.2,0.4,0.8,0.99,0.4,0.15,0.7,0,0,0,2,0.95,IBCM_MDV
Tanzania,Zanzibar,"c(90,120)","1,889,773",0,15.4,0.2,0.4,0.8,0.99,0.4,0.15,0.15,0,0,0,2,0.95,IBCM
Tanzania,ShinyangaRegion,"c(5,9)","2,241,299",0,60,0.2,0.41,0.8,0.85,0.54,0.05,0.05,0,0,0,2,0.95,SQ
Tanzania,ShinyangaRegion,"c(5,9)","2,241,299",0,66,0.2,0.41,0.85,0.99,0.54,0.05,0.05,0,0,0,2,0.95,PEP
Tanzania,ShinyangaRegion,"c(5,9)","2,241,299",0,60,0.2,0.41,0.8,0.85,0.54,0.05,0.7,0,0,0,2,0.95,MDV
Tanzania,ShinyangaRegion,"c(5,9)","2,241,299",0,60,0.2,0.41,0.8,0.99,0.54,0.05,0.7,0,0,0,2,0.95,IBCM_MDV
Tanzania,ShinyangaRegion,"c(5,9)","2,241,299",0,60,0.2,0.41,0.8,0.99,0.54,0.05,0.05,0,0,0,2,0.95,IBCM
Tanzania,National,"c(25,35)","70,613,532",0,6,0.2,0.4472136,0.7,0.67,0.6299408,0.05,0.05,0,0,0,2,0.95,SQ
Tanzania,National,"c(25,35)","70,613,532",0,6,0.2,0.4472136,0.85,0.99,0.6299408,0.05,0.05,0,0,0,2,0.95,PEP
Tanzania,National,"c(25,35)","70,613,532",0,6,0.2,0.4472136,0.7,0.67,0.6299408,0.05,0.7,0,0,0,2,0.95,MDV
Tanzania,National,"c(25,35)","70,613,532",0,6,0.2,0.4472136,0.7,0.99,0.6299408,0.05,0.7,0,0,0,2,0.95,IBCM_MDV
Tanzania,National,"c(25,35)","70,613,532",0,6,0.2,0.4472136,0.7,0.99,0.6299408,0.05,0.05,0,0,0,2,0.95,IBCM