"Country","Administrative unit","IBCM","IBCM plus MDV","MDV","Improved PEP","Status quo"
"India","KeralaState","189 (125-265)","34 (17-57)","66 (36-109)","190 (128-279)","375 (255-541)"
"Kenya","National","3,919 (2,885-5,666)","623 (422-940)","1,682 (1,177-2,455)","3,302 (2,402-4,760)","10,366 (7,676-14,817)"
"Madagascar","MoramangaDistrict","14 (3-33)","2 (0-8)","5 (0-18)","11 (2-28)","32 (6-77)"
"Nigeria","KadunaState","373 (171-595)","58 (19-117)","123 (42-239)","258 (118-413)","776 (385-1,243)"
"Nigeria","National","11,862 (9,835-14,400)","1,918 (1,495-2,463)","3,889 (3,097-5,060)","6,724 (5,591-8,091)","24,400 (20,120-29,373)"
"Philippines","MIMAROPAregion","58 (21-168)","15 (4-57)","23 (6-85)","53 (20-153)","89 (32-248)"
"Tanzania","LindiMtwaraRegion","74 (18-186)","11 (1-41)","31 (4-102)","64 (13-161)","206 (47-510)"
"Tanzania","MaraRegion","9 (1-36)","3 (0-16)","6 (0-34)","10 (2-43)","18 (4-73)"
"Tanzania","National","3,040 (2,442-3,800)","521 (387-692)","1,318 (975-1,769)","2,390 (1,901-2,988)","7,661 (6,222-9,478)"
"Tanzania","ShinyangaRegion","266 (158-412)","43 (20-84)","110 (46-196)","324 (202-507)","637 (397-979)"
"Tanzania","Zanzibar","8 (0-22)","1 (0-6)","3 (0-13)","10 (0-28)","20 (1-50)"
