HDR1,HDR2,discount,LR_range1,LR_range2,mu,k,pBite_healthy,pSeek_healthy,pStart_healthy,pComplete_healthy,pSeek_exposure,pStart_exposure,pComplete_exposure,pDeath,pPrevent,full_cost,partial_cost,vaccinate_dog_cost1,vaccinate_dog_cost2,target_vax_cov,pInvestigate,pFound,pTestable,pFalseNeg,scenario1,scenario2,scenario3,scenario
25,35,0,6.6,12.8,0.38,0.14,0.01,0.78,0.2,0.07,0.7,0.6,0.3,0.1660119,0.986,0,0,0,0,0,0.9,0.6,0.7,0.05,pStart0.6,pComplete0.3,pSeek0.7,pStart0.6_pComplete0.3_pSeek0.7
25,35,0,6.6,12.8,0.38,0.14,0.01,0.78,0.2,0.07,0.7,0.65,0.3,0.1660119,0.986,0,0,0,0,0,0.9,0.6,0.7,0.05,pStart0.65,pComplete0.3,pSeek0.7,pStart0.65_pComplete0.3_pSeek0.7
25,35,0,6.6,12.8,0.38,0.14,0.01,0.78,0.2,0.07,0.7,0.7,0.3,0.1660119,0.986,0,0,0,0,0,0.9,0.6,0.7,0.05,pStart0.7,pComplete0.3,pSeek0.7,pStart0.7_pComplete0.3_pSeek0.7
25,35,0,6.6,12.8,0.38,0.14,0.01,0.78,0.2,0.07,0.7,0.75,0.3,0.1660119,0.986,0,0,0,0,0,0.9,0.6,0.7,0.05,pStart0.75,pComplete0.3,pSeek0.7,pStart0.75_pComplete0.3_pSeek0.7
25,35,0,6.6,12.8,0.38,0.14,0.01,0.78,0.2,0.07,0.7,0.8,0.3,0.1660119,0.986,0,0,0,0,0,0.9,0.6,0.7,0.05,pStart0.8,pComplete0.3,pSeek0.7,pStart0.8_pComplete0.3_pSeek0.7
25,35,0,6.6,12.8,0.38,0.14,0.01,0.78,0.2,0.07,0.7,0.85,0.3,0.1660119,0.986,0,0,0,0,0,0.9,0.6,0.7,0.05,pStart0.85,pComplete0.3,pSeek0.7,pStart0.85_pComplete0.3_pSeek0.7
25,35,0,6.6,12.8,0.38,0.14,0.01,0.78,0.2,0.07,0.7,0.9,0.3,0.1660119,0.986,0,0,0,0,0,0.9,0.6,0.7,0.05,pStart0.9,pComplete0.3,pSeek0.7,pStart0.9_pComplete0.3_pSeek0.7
25,35,0,6.6,12.8,0.38,0.14,0.01,0.78,0.2,0.07,0.7,0.95,0.3,0.1660119,0.986,0,0,0,0,0,0.9,0.6,0.7,0.05,pStart0.95,pComplete0.3,pSeek0.7,pStart0.95_pComplete0.3_pSeek0.7
25,35,0,6.6,12.8,0.38,0.14,0.01,0.78,0.2,0.07,0.7,1,0.3,0.1660119,0.986,0,0,0,0,0,0.9,0.6,0.7,0.05,pStart1,pComplete0.3,pSeek0.7,pStart1_pComplete0.3_pSeek0.7
25,35,0,6.6,12.8,0.38,0.14,0.01,0.78,0.2,0.07,0.7,0.6,0.4,0.1660119,0.986,0,0,0,0,0,0.9,0.6,0.7,0.05,pStart0.6,pComplete0.4,pSeek0.7,pStart0.6_pComplete0.4_pSeek0.7
25,35,0,6.6,12.8,0.38,0.14,0.01,0.78,0.2,0.07,0.7,0.65,0.4,0.1660119,0.986,0,0,0,0,0,0.9,0.6,0.7,0.05,pStart0.65,pComplete0.4,pSeek0.7,pStart0.65_pComplete0.4_pSeek0.7
25,35,0,6.6,12.8,0.38,0.14,0.01,0.78,0.2,0.07,0.7,0.7,0.4,0.1660119,0.986,0,0,0,0,0,0.9,0.6,0.7,0.05,pStart0.7,pComplete0.4,pSeek0.7,pStart0.7_pComplete0.4_pSeek0.7
25,35,0,6.6,12.8,0.38,0.14,0.01,0.78,0.2,0.07,0.7,0.75,0.4,0.1660119,0.986,0,0,0,0,0,0.9,0.6,0.7,0.05,pStart0.75,pComplete0.4,pSeek0.7,pStart0.75_pComplete0.4_pSeek0.7
25,35,0,6.6,12.8,0.38,0.14,0.01,0.78,0.2,0.07,0.7,0.8,0.4,0.1660119,0.986,0,0,0,0,0,0.9,0.6,0.7,0.05,pStart0.8,pComplete0.4,pSeek0.7,pStart0.8_pComplete0.4_pSeek0.7
25,35,0,6.6,12.8,0.38,0.14,0.01,0.78,0.2,0.07,0.7,0.85,0.4,0.1660119,0.986,0,0,0,0,0,0.9,0.6,0.7,0.05,pStart0.85,pComplete0.4,pSeek0.7,pStart0.85_pComplete0.4_pSeek0.7
25,35,0,6.6,12.8,0.38,0.14,0.01,0.78,0.2,0.07,0.7,0.9,0.4,0.1660119,0.986,0,0,0,0,0,0.9,0.6,0.7,0.05,pStart0.9,pComplete0.4,pSeek0.7,pStart0.9_pComplete0.4_pSeek0.7
25,35,0,6.6,12.8,0.38,0.14,0.01,0.78,0.2,0.07,0.7,0.95,0.4,0.1660119,0.986,0,0,0,0,0,0.9,0.6,0.7,0.05,pStart0.95,pComplete0.4,pSeek0.7,pStart0.95_pComplete0.4_pSeek0.7
25,35,0,6.6,12.8,0.38,0.14,0.01,0.78,0.2,0.07,0.7,1,0.4,0.1660119,0.986,0,0,0,0,0,0.9,0.6,0.7,0.05,pStart1,pComplete0.4,pSeek0.7,pStart1_pComplete0.4_pSeek0.7
25,35,0,6.6,12.8,0.38,0.14,0.01,0.78,0.2,0.07,0.7,0.6,0.5,0.1660119,0.986,0,0,0,0,0,0.9,0.6,0.7,0.05,pStart0.6,pComplete0.5,pSeek0.7,pStart0.6_pComplete0.5_pSeek0.7
25,35,0,6.6,12.8,0.38,0.14,0.01,0.78,0.2,0.07,0.7,0.65,0.5,0.1660119,0.986,0,0,0,0,0,0.9,0.6,0.7,0.05,pStart0.65,pComplete0.5,pSeek0.7,pStart0.65_pComplete0.5_pSeek0.7
25,35,0,6.6,12.8,0.38,0.14,0.01,0.78,0.2,0.07,0.7,0.7,0.5,0.1660119,0.986,0,0,0,0,0,0.9,0.6,0.7,0.05,pStart0.7,pComplete0.5,pSeek0.7,pStart0.7_pComplete0.5_pSeek0.7
25,35,0,6.6,12.8,0.38,0.14,0.01,0.78,0.2,0.07,0.7,0.75,0.5,0.1660119,0.986,0,0,0,0,0,0.9,0.6,0.7,0.05,pStart0.75,pComplete0.5,pSeek0.7,pStart0.75_pComplete0.5_pSeek0.7
25,35,0,6.6,12.8,0.38,0.14,0.01,0.78,0.2,0.07,0.7,0.8,0.5,0.1660119,0.986,0,0,0,0,0,0.9,0.6,0.7,0.05,pStart0.8,pComplete0.5,pSeek0.7,pStart0.8_pComplete0.5_pSeek0.7
25,35,0,6.6,12.8,0.38,0.14,0.01,0.78,0.2,0.07,0.7,0.85,0.5,0.1660119,0.986,0,0,0,0,0,0.9,0.6,0.7,0.05,pStart0.85,pComplete0.5,pSeek0.7,pStart0.85_pComplete0.5_pSeek0.7
25,35,0,6.6,12.8,0.38,0.14,0.01,0.78,0.2,0.07,0.7,0.9,0.5,0.1660119,0.986,0,0,0,0,0,0.9,0.6,0.7,0.05,pStart0.9,pComplete0.5,pSeek0.7,pStart0.9_pComplete0.5_pSeek0.7
25,35,0,6.6,12.8,0.38,0.14,0.01,0.78,0.2,0.07,0.7,0.95,0.5,0.1660119,0.986,0,0,0,0,0,0.9,0.6,0.7,0.05,pStart0.95,pComplete0.5,pSeek0.7,pStart0.95_pComplete0.5_pSeek0.7
25,35,0,6.6,12.8,0.38,0.14,0.01,0.78,0.2,0.07,0.7,1,0.5,0.1660119,0.986,0,0,0,0,0,0.9,0.6,0.7,0.05,pStart1,pComplete0.5,pSeek0.7,pStart1_pComplete0.5_pSeek0.7
25,35,0,6.6,12.8,0.38,0.14,0.01,0.78,0.2,0.07,0.7,0.6,0.6,0.1660119,0.986,0,0,0,0,0,0.9,0.6,0.7,0.05,pStart0.6,pComplete0.6,pSeek0.7,pStart0.6_pComplete0.6_pSeek0.7
25,35,0,6.6,12.8,0.38,0.14,0.01,0.78,0.2,0.07,0.7,0.65,0.6,0.1660119,0.986,0,0,0,0,0,0.9,0.6,0.7,0.05,pStart0.65,pComplete0.6,pSeek0.7,pStart0.65_pComplete0.6_pSeek0.7
25,35,0,6.6,12.8,0.38,0.14,0.01,0.78,0.2,0.07,0.7,0.7,0.6,0.1660119,0.986,0,0,0,0,0,0.9,0.6,0.7,0.05,pStart0.7,pComplete0.6,pSeek0.7,pStart0.7_pComplete0.6_pSeek0.7
25,35,0,6.6,12.8,0.38,0.14,0.01,0.78,0.2,0.07,0.7,0.75,0.6,0.1660119,0.986,0,0,0,0,0,0.9,0.6,0.7,0.05,pStart0.75,pComplete0.6,pSeek0.7,pStart0.75_pComplete0.6_pSeek0.7
25,35,0,6.6,12.8,0.38,0.14,0.01,0.78,0.2,0.07,0.7,0.8,0.6,0.1660119,0.986,0,0,0,0,0,0.9,0.6,0.7,0.05,pStart0.8,pComplete0.6,pSeek0.7,pStart0.8_pComplete0.6_pSeek0.7
25,35,0,6.6,12.8,0.38,0.14,0.01,0.78,0.2,0.07,0.7,0.85,0.6,0.1660119,0.986,0,0,0,0,0,0.9,0.6,0.7,0.05,pStart0.85,pComplete0.6,pSeek0.7,pStart0.85_pComplete0.6_pSeek0.7
25,35,0,6.6,12.8,0.38,0.14,0.01,0.78,0.2,0.07,0.7,0.9,0.6,0.1660119,0.986,0,0,0,0,0,0.9,0.6,0.7,0.05,pStart0.9,pComplete0.6,pSeek0.7,pStart0.9_pComplete0.6_pSeek0.7
25,35,0,6.6,12.8,0.38,0.14,0.01,0.78,0.2,0.07,0.7,0.95,0.6,0.1660119,0.986,0,0,0,0,0,0.9,0.6,0.7,0.05,pStart0.95,pComplete0.6,pSeek0.7,pStart0.95_pComplete0.6_pSeek0.7
25,35,0,6.6,12.8,0.38,0.14,0.01,0.78,0.2,0.07,0.7,1,0.6,0.1660119,0.986,0,0,0,0,0,0.9,0.6,0.7,0.05,pStart1,pComplete0.6,pSeek0.7,pStart1_pComplete0.6_pSeek0.7
25,35,0,6.6,12.8,0.38,0.14,0.01,0.78,0.2,0.07,0.7,0.6,0.7,0.1660119,0.986,0,0,0,0,0,0.9,0.6,0.7,0.05,pStart0.6,pComplete0.7,pSeek0.7,pStart0.6_pComplete0.7_pSeek0.7
25,35,0,6.6,12.8,0.38,0.14,0.01,0.78,0.2,0.07,0.7,0.65,0.7,0.1660119,0.986,0,0,0,0,0,0.9,0.6,0.7,0.05,pStart0.65,pComplete0.7,pSeek0.7,pStart0.65_pComplete0.7_pSeek0.7
25,35,0,6.6,12.8,0.38,0.14,0.01,0.78,0.2,0.07,0.7,0.7,0.7,0.1660119,0.986,0,0,0,0,0,0.9,0.6,0.7,0.05,pStart0.7,pComplete0.7,pSeek0.7,pStart0.7_pComplete0.7_pSeek0.7
25,35,0,6.6,12.8,0.38,0.14,0.01,0.78,0.2,0.07,0.7,0.75,0.7,0.1660119,0.986,0,0,0,0,0,0.9,0.6,0.7,0.05,pStart0.75,pComplete0.7,pSeek0.7,pStart0.75_pComplete0.7_pSeek0.7
25,35,0,6.6,12.8,0.38,0.14,0.01,0.78,0.2,0.07,0.7,0.8,0.7,0.1660119,0.986,0,0,0,0,0,0.9,0.6,0.7,0.05,pStart0.8,pComplete0.7,pSeek0.7,pStart0.8_pComplete0.7_pSeek0.7
25,35,0,6.6,12.8,0.38,0.14,0.01,0.78,0.2,0.07,0.7,0.85,0.7,0.1660119,0.986,0,0,0,0,0,0.9,0.6,0.7,0.05,pStart0.85,pComplete0.7,pSeek0.7,pStart0.85_pComplete0.7_pSeek0.7
25,35,0,6.6,12.8,0.38,0.14,0.01,0.78,0.2,0.07,0.7,0.9,0.7,0.1660119,0.986,0,0,0,0,0,0.9,0.6,0.7,0.05,pStart0.9,pComplete0.7,pSeek0.7,pStart0.9_pComplete0.7_pSeek0.7
25,35,0,6.6,12.8,0.38,0.14,0.01,0.78,0.2,0.07,0.7,0.95,0.7,0.1660119,0.986,0,0,0,0,0,0.9,0.6,0.7,0.05,pStart0.95,pComplete0.7,pSeek0.7,pStart0.95_pComplete0.7_pSeek0.7
25,35,0,6.6,12.8,0.38,0.14,0.01,0.78,0.2,0.07,0.7,1,0.7,0.1660119,0.986,0,0,0,0,0,0.9,0.6,0.7,0.05,pStart1,pComplete0.7,pSeek0.7,pStart1_pComplete0.7_pSeek0.7
25,35,0,6.6,12.8,0.38,0.14,0.01,0.78,0.2,0.07,0.7,0.6,0.8,0.1660119,0.986,0,0,0,0,0,0.9,0.6,0.7,0.05,pStart0.6,pComplete0.8,pSeek0.7,pStart0.6_pComplete0.8_pSeek0.7
25,35,0,6.6,12.8,0.38,0.14,0.01,0.78,0.2,0.07,0.7,0.65,0.8,0.1660119,0.986,0,0,0,0,0,0.9,0.6,0.7,0.05,pStart0.65,pComplete0.8,pSeek0.7,pStart0.65_pComplete0.8_pSeek0.7
25,35,0,6.6,12.8,0.38,0.14,0.01,0.78,0.2,0.07,0.7,0.7,0.8,0.1660119,0.986,0,0,0,0,0,0.9,0.6,0.7,0.05,pStart0.7,pComplete0.8,pSeek0.7,pStart0.7_pComplete0.8_pSeek0.7
25,35,0,6.6,12.8,0.38,0.14,0.01,0.78,0.2,0.07,0.7,0.75,0.8,0.1660119,0.986,0,0,0,0,0,0.9,0.6,0.7,0.05,pStart0.75,pComplete0.8,pSeek0.7,pStart0.75_pComplete0.8_pSeek0.7
25,35,0,6.6,12.8,0.38,0.14,0.01,0.78,0.2,0.07,0.7,0.8,0.8,0.1660119,0.986,0,0,0,0,0,0.9,0.6,0.7,0.05,pStart0.8,pComplete0.8,pSeek0.7,pStart0.8_pComplete0.8_pSeek0.7
25,35,0,6.6,12.8,0.38,0.14,0.01,0.78,0.2,0.07,0.7,0.85,0.8,0.1660119,0.986,0,0,0,0,0,0.9,0.6,0.7,0.05,pStart0.85,pComplete0.8,pSeek0.7,pStart0.85_pComplete0.8_pSeek0.7
25,35,0,6.6,12.8,0.38,0.14,0.01,0.78,0.2,0.07,0.7,0.9,0.8,0.1660119,0.986,0,0,0,0,0,0.9,0.6,0.7,0.05,pStart0.9,pComplete0.8,pSeek0.7,pStart0.9_pComplete0.8_pSeek0.7
25,35,0,6.6,12.8,0.38,0.14,0.01,0.78,0.2,0.07,0.7,0.95,0.8,0.1660119,0.986,0,0,0,0,0,0.9,0.6,0.7,0.05,pStart0.95,pComplete0.8,pSeek0.7,pStart0.95_pComplete0.8_pSeek0.7
25,35,0,6.6,12.8,0.38,0.14,0.01,0.78,0.2,0.07,0.7,1,0.8,0.1660119,0.986,0,0,0,0,0,0.9,0.6,0.7,0.05,pStart1,pComplete0.8,pSeek0.7,pStart1_pComplete0.8_pSeek0.7
25,35,0,6.6,12.8,0.38,0.14,0.01,0.78,0.2,0.07,0.7,0.6,0.9,0.1660119,0.986,0,0,0,0,0,0.9,0.6,0.7,0.05,pStart0.6,pComplete0.9,pSeek0.7,pStart0.6_pComplete0.9_pSeek0.7
25,35,0,6.6,12.8,0.38,0.14,0.01,0.78,0.2,0.07,0.7,0.65,0.9,0.1660119,0.986,0,0,0,0,0,0.9,0.6,0.7,0.05,pStart0.65,pComplete0.9,pSeek0.7,pStart0.65_pComplete0.9_pSeek0.7
25,35,0,6.6,12.8,0.38,0.14,0.01,0.78,0.2,0.07,0.7,0.7,0.9,0.1660119,0.986,0,0,0,0,0,0.9,0.6,0.7,0.05,pStart0.7,pComplete0.9,pSeek0.7,pStart0.7_pComplete0.9_pSeek0.7
25,35,0,6.6,12.8,0.38,0.14,0.01,0.78,0.2,0.07,0.7,0.75,0.9,0.1660119,0.986,0,0,0,0,0,0.9,0.6,0.7,0.05,pStart0.75,pComplete0.9,pSeek0.7,pStart0.75_pComplete0.9_pSeek0.7
25,35,0,6.6,12.8,0.38,0.14,0.01,0.78,0.2,0.07,0.7,0.8,0.9,0.1660119,0.986,0,0,0,0,0,0.9,0.6,0.7,0.05,pStart0.8,pComplete0.9,pSeek0.7,pStart0.8_pComplete0.9_pSeek0.7
25,35,0,6.6,12.8,0.38,0.14,0.01,0.78,0.2,0.07,0.7,0.85,0.9,0.1660119,0.986,0,0,0,0,0,0.9,0.6,0.7,0.05,pStart0.85,pComplete0.9,pSeek0.7,pStart0.85_pComplete0.9_pSeek0.7
25,35,0,6.6,12.8,0.38,0.14,0.01,0.78,0.2,0.07,0.7,0.9,0.9,0.1660119,0.986,0,0,0,0,0,0.9,0.6,0.7,0.05,pStart0.9,pComplete0.9,pSeek0.7,pStart0.9_pComplete0.9_pSeek0.7
25,35,0,6.6,12.8,0.38,0.14,0.01,0.78,0.2,0.07,0.7,0.95,0.9,0.1660119,0.986,0,0,0,0,0,0.9,0.6,0.7,0.05,pStart0.95,pComplete0.9,pSeek0.7,pStart0.95_pComplete0.9_pSeek0.7
25,35,0,6.6,12.8,0.38,0.14,0.01,0.78,0.2,0.07,0.7,1,0.9,0.1660119,0.986,0,0,0,0,0,0.9,0.6,0.7,0.05,pStart1,pComplete0.9,pSeek0.7,pStart1_pComplete0.9_pSeek0.7
25,35,0,6.6,12.8,0.38,0.14,0.01,0.78,0.2,0.07,0.7,0.6,1,0.1660119,0.986,0,0,0,0,0,0.9,0.6,0.7,0.05,pStart0.6,pComplete1,pSeek0.7,pStart0.6_pComplete1_pSeek0.7
25,35,0,6.6,12.8,0.38,0.14,0.01,0.78,0.2,0.07,0.7,0.65,1,0.1660119,0.986,0,0,0,0,0,0.9,0.6,0.7,0.05,pStart0.65,pComplete1,pSeek0.7,pStart0.65_pComplete1_pSeek0.7
25,35,0,6.6,12.8,0.38,0.14,0.01,0.78,0.2,0.07,0.7,0.7,1,0.1660119,0.986,0,0,0,0,0,0.9,0.6,0.7,0.05,pStart0.7,pComplete1,pSeek0.7,pStart0.7_pComplete1_pSeek0.7
25,35,0,6.6,12.8,0.38,0.14,0.01,0.78,0.2,0.07,0.7,0.75,1,0.1660119,0.986,0,0,0,0,0,0.9,0.6,0.7,0.05,pStart0.75,pComplete1,pSeek0.7,pStart0.75_pComplete1_pSeek0.7
25,35,0,6.6,12.8,0.38,0.14,0.01,0.78,0.2,0.07,0.7,0.8,1,0.1660119,0.986,0,0,0,0,0,0.9,0.6,0.7,0.05,pStart0.8,pComplete1,pSeek0.7,pStart0.8_pComplete1_pSeek0.7
25,35,0,6.6,12.8,0.38,0.14,0.01,0.78,0.2,0.07,0.7,0.85,1,0.1660119,0.986,0,0,0,0,0,0.9,0.6,0.7,0.05,pStart0.85,pComplete1,pSeek0.7,pStart0.85_pComplete1_pSeek0.7
25,35,0,6.6,12.8,0.38,0.14,0.01,0.78,0.2,0.07,0.7,0.9,1,0.1660119,0.986,0,0,0,0,0,0.9,0.6,0.7,0.05,pStart0.9,pComplete1,pSeek0.7,pStart0.9_pComplete1_pSeek0.7
25,35,0,6.6,12.8,0.38,0.14,0.01,0.78,0.2,0.07,0.7,0.95,1,0.1660119,0.986,0,0,0,0,0,0.9,0.6,0.7,0.05,pStart0.95,pComplete1,pSeek0.7,pStart0.95_pComplete1_pSeek0.7
25,35,0,6.6,12.8,0.38,0.14,0.01,0.78,0.2,0.07,0.7,1,1,0.1660119,0.986,0,0,0,0,0,0.9,0.6,0.7,0.05,pStart1,pComplete1,pSeek0.7,pStart1_pComplete1_pSeek0.7
25,35,0,6.6,12.8,0.38,0.14,0.01,0.78,0.2,0.07,0.6,0.6,0.3,0.1660119,0.986,0,0,0,0,0,0.9,0.6,0.7,0.05,pStart0.6,pComplete0.3,pSeek0.6,pStart0.6_pComplete0.3_pSeek0.6
25,35,0,6.6,12.8,0.38,0.14,0.01,0.78,0.2,0.07,0.6,0.65,0.3,0.1660119,0.986,0,0,0,0,0,0.9,0.6,0.7,0.05,pStart0.65,pComplete0.3,pSeek0.6,pStart0.65_pComplete0.3_pSeek0.6
25,35,0,6.6,12.8,0.38,0.14,0.01,0.78,0.2,0.07,0.6,0.7,0.3,0.1660119,0.986,0,0,0,0,0,0.9,0.6,0.7,0.05,pStart0.7,pComplete0.3,pSeek0.6,pStart0.7_pComplete0.3_pSeek0.6
25,35,0,6.6,12.8,0.38,0.14,0.01,0.78,0.2,0.07,0.6,0.75,0.3,0.1660119,0.986,0,0,0,0,0,0.9,0.6,0.7,0.05,pStart0.75,pComplete0.3,pSeek0.6,pStart0.75_pComplete0.3_pSeek0.6
25,35,0,6.6,12.8,0.38,0.14,0.01,0.78,0.2,0.07,0.6,0.8,0.3,0.1660119,0.986,0,0,0,0,0,0.9,0.6,0.7,0.05,pStart0.8,pComplete0.3,pSeek0.6,pStart0.8_pComplete0.3_pSeek0.6
25,35,0,6.6,12.8,0.38,0.14,0.01,0.78,0.2,0.07,0.6,0.85,0.3,0.1660119,0.986,0,0,0,0,0,0.9,0.6,0.7,0.05,pStart0.85,pComplete0.3,pSeek0.6,pStart0.85_pComplete0.3_pSeek0.6
25,35,0,6.6,12.8,0.38,0.14,0.01,0.78,0.2,0.07,0.6,0.9,0.3,0.1660119,0.986,0,0,0,0,0,0.9,0.6,0.7,0.05,pStart0.9,pComplete0.3,pSeek0.6,pStart0.9_pComplete0.3_pSeek0.6
25,35,0,6.6,12.8,0.38,0.14,0.01,0.78,0.2,0.07,0.6,0.95,0.3,0.1660119,0.986,0,0,0,0,0,0.9,0.6,0.7,0.05,pStart0.95,pComplete0.3,pSeek0.6,pStart0.95_pComplete0.3_pSeek0.6
25,35,0,6.6,12.8,0.38,0.14,0.01,0.78,0.2,0.07,0.6,1,0.3,0.1660119,0.986,0,0,0,0,0,0.9,0.6,0.7,0.05,pStart1,pComplete0.3,pSeek0.6,pStart1_pComplete0.3_pSeek0.6
25,35,0,6.6,12.8,0.38,0.14,0.01,0.78,0.2,0.07,0.6,0.6,0.4,0.1660119,0.986,0,0,0,0,0,0.9,0.6,0.7,0.05,pStart0.6,pComplete0.4,pSeek0.6,pStart0.6_pComplete0.4_pSeek0.6
25,35,0,6.6,12.8,0.38,0.14,0.01,0.78,0.2,0.07,0.6,0.65,0.4,0.1660119,0.986,0,0,0,0,0,0.9,0.6,0.7,0.05,pStart0.65,pComplete0.4,pSeek0.6,pStart0.65_pComplete0.4_pSeek0.6
25,35,0,6.6,12.8,0.38,0.14,0.01,0.78,0.2,0.07,0.6,0.7,0.4,0.1660119,0.986,0,0,0,0,0,0.9,0.6,0.7,0.05,pStart0.7,pComplete0.4,pSeek0.6,pStart0.7_pComplete0.4_pSeek0.6
25,35,0,6.6,12.8,0.38,0.14,0.01,0.78,0.2,0.07,0.6,0.75,0.4,0.1660119,0.986,0,0,0,0,0,0.9,0.6,0.7,0.05,pStart0.75,pComplete0.4,pSeek0.6,pStart0.75_pComplete0.4_pSeek0.6
25,35,0,6.6,12.8,0.38,0.14,0.01,0.78,0.2,0.07,0.6,0.8,0.4,0.1660119,0.986,0,0,0,0,0,0.9,0.6,0.7,0.05,pStart0.8,pComplete0.4,pSeek0.6,pStart0.8_pComplete0.4_pSeek0.6
25,35,0,6.6,12.8,0.38,0.14,0.01,0.78,0.2,0.07,0.6,0.85,0.4,0.1660119,0.986,0,0,0,0,0,0.9,0.6,0.7,0.05,pStart0.85,pComplete0.4,pSeek0.6,pStart0.85_pComplete0.4_pSeek0.6
25,35,0,6.6,12.8,0.38,0.14,0.01,0.78,0.2,0.07,0.6,0.9,0.4,0.1660119,0.986,0,0,0,0,0,0.9,0.6,0.7,0.05,pStart0.9,pComplete0.4,pSeek0.6,pStart0.9_pComplete0.4_pSeek0.6
25,35,0,6.6,12.8,0.38,0.14,0.01,0.78,0.2,0.07,0.6,0.95,0.4,0.1660119,0.986,0,0,0,0,0,0.9,0.6,0.7,0.05,pStart0.95,pComplete0.4,pSeek0.6,pStart0.95_pComplete0.4_pSeek0.6
25,35,0,6.6,12.8,0.38,0.14,0.01,0.78,0.2,0.07,0.6,1,0.4,0.1660119,0.986,0,0,0,0,0,0.9,0.6,0.7,0.05,pStart1,pComplete0.4,pSeek0.6,pStart1_pComplete0.4_pSeek0.6
25,35,0,6.6,12.8,0.38,0.14,0.01,0.78,0.2,0.07,0.6,0.6,0.5,0.1660119,0.986,0,0,0,0,0,0.9,0.6,0.7,0.05,pStart0.6,pComplete0.5,pSeek0.6,pStart0.6_pComplete0.5_pSeek0.6
25,35,0,6.6,12.8,0.38,0.14,0.01,0.78,0.2,0.07,0.6,0.65,0.5,0.1660119,0.986,0,0,0,0,0,0.9,0.6,0.7,0.05,pStart0.65,pComplete0.5,pSeek0.6,pStart0.65_pComplete0.5_pSeek0.6
25,35,0,6.6,12.8,0.38,0.14,0.01,0.78,0.2,0.07,0.6,0.7,0.5,0.1660119,0.986,0,0,0,0,0,0.9,0.6,0.7,0.05,pStart0.7,pComplete0.5,pSeek0.6,pStart0.7_pComplete0.5_pSeek0.6
25,35,0,6.6,12.8,0.38,0.14,0.01,0.78,0.2,0.07,0.6,0.75,0.5,0.1660119,0.986,0,0,0,0,0,0.9,0.6,0.7,0.05,pStart0.75,pComplete0.5,pSeek0.6,pStart0.75_pComplete0.5_pSeek0.6
25,35,0,6.6,12.8,0.38,0.14,0.01,0.78,0.2,0.07,0.6,0.8,0.5,0.1660119,0.986,0,0,0,0,0,0.9,0.6,0.7,0.05,pStart0.8,pComplete0.5,pSeek0.6,pStart0.8_pComplete0.5_pSeek0.6
25,35,0,6.6,12.8,0.38,0.14,0.01,0.78,0.2,0.07,0.6,0.85,0.5,0.1660119,0.986,0,0,0,0,0,0.9,0.6,0.7,0.05,pStart0.85,pComplete0.5,pSeek0.6,pStart0.85_pComplete0.5_pSeek0.6
25,35,0,6.6,12.8,0.38,0.14,0.01,0.78,0.2,0.07,0.6,0.9,0.5,0.1660119,0.986,0,0,0,0,0,0.9,0.6,0.7,0.05,pStart0.9,pComplete0.5,pSeek0.6,pStart0.9_pComplete0.5_pSeek0.6
25,35,0,6.6,12.8,0.38,0.14,0.01,0.78,0.2,0.07,0.6,0.95,0.5,0.1660119,0.986,0,0,0,0,0,0.9,0.6,0.7,0.05,pStart0.95,pComplete0.5,pSeek0.6,pStart0.95_pComplete0.5_pSeek0.6
25,35,0,6.6,12.8,0.38,0.14,0.01,0.78,0.2,0.07,0.6,1,0.5,0.1660119,0.986,0,0,0,0,0,0.9,0.6,0.7,0.05,pStart1,pComplete0.5,pSeek0.6,pStart1_pComplete0.5_pSeek0.6
25,35,0,6.6,12.8,0.38,0.14,0.01,0.78,0.2,0.07,0.6,0.6,0.6,0.1660119,0.986,0,0,0,0,0,0.9,0.6,0.7,0.05,pStart0.6,pComplete0.6,pSeek0.6,pStart0.6_pComplete0.6_pSeek0.6
25,35,0,6.6,12.8,0.38,0.14,0.01,0.78,0.2,0.07,0.6,0.65,0.6,0.1660119,0.986,0,0,0,0,0,0.9,0.6,0.7,0.05,pStart0.65,pComplete0.6,pSeek0.6,pStart0.65_pComplete0.6_pSeek0.6
25,35,0,6.6,12.8,0.38,0.14,0.01,0.78,0.2,0.07,0.6,0.7,0.6,0.1660119,0.986,0,0,0,0,0,0.9,0.6,0.7,0.05,pStart0.7,pComplete0.6,pSeek0.6,pStart0.7_pComplete0.6_pSeek0.6
25,35,0,6.6,12.8,0.38,0.14,0.01,0.78,0.2,0.07,0.6,0.75,0.6,0.1660119,0.986,0,0,0,0,0,0.9,0.6,0.7,0.05,pStart0.75,pComplete0.6,pSeek0.6,pStart0.75_pComplete0.6_pSeek0.6
25,35,0,6.6,12.8,0.38,0.14,0.01,0.78,0.2,0.07,0.6,0.8,0.6,0.1660119,0.986,0,0,0,0,0,0.9,0.6,0.7,0.05,pStart0.8,pComplete0.6,pSeek0.6,pStart0.8_pComplete0.6_pSeek0.6
25,35,0,6.6,12.8,0.38,0.14,0.01,0.78,0.2,0.07,0.6,0.85,0.6,0.1660119,0.986,0,0,0,0,0,0.9,0.6,0.7,0.05,pStart0.85,pComplete0.6,pSeek0.6,pStart0.85_pComplete0.6_pSeek0.6
25,35,0,6.6,12.8,0.38,0.14,0.01,0.78,0.2,0.07,0.6,0.9,0.6,0.1660119,0.986,0,0,0,0,0,0.9,0.6,0.7,0.05,pStart0.9,pComplete0.6,pSeek0.6,pStart0.9_pComplete0.6_pSeek0.6
25,35,0,6.6,12.8,0.38,0.14,0.01,0.78,0.2,0.07,0.6,0.95,0.6,0.1660119,0.986,0,0,0,0,0,0.9,0.6,0.7,0.05,pStart0.95,pComplete0.6,pSeek0.6,pStart0.95_pComplete0.6_pSeek0.6
25,35,0,6.6,12.8,0.38,0.14,0.01,0.78,0.2,0.07,0.6,1,0.6,0.1660119,0.986,0,0,0,0,0,0.9,0.6,0.7,0.05,pStart1,pComplete0.6,pSeek0.6,pStart1_pComplete0.6_pSeek0.6
25,35,0,6.6,12.8,0.38,0.14,0.01,0.78,0.2,0.07,0.6,0.6,0.7,0.1660119,0.986,0,0,0,0,0,0.9,0.6,0.7,0.05,pStart0.6,pComplete0.7,pSeek0.6,pStart0.6_pComplete0.7_pSeek0.6
25,35,0,6.6,12.8,0.38,0.14,0.01,0.78,0.2,0.07,0.6,0.65,0.7,0.1660119,0.986,0,0,0,0,0,0.9,0.6,0.7,0.05,pStart0.65,pComplete0.7,pSeek0.6,pStart0.65_pComplete0.7_pSeek0.6
25,35,0,6.6,12.8,0.38,0.14,0.01,0.78,0.2,0.07,0.6,0.7,0.7,0.1660119,0.986,0,0,0,0,0,0.9,0.6,0.7,0.05,pStart0.7,pComplete0.7,pSeek0.6,pStart0.7_pComplete0.7_pSeek0.6
25,35,0,6.6,12.8,0.38,0.14,0.01,0.78,0.2,0.07,0.6,0.75,0.7,0.1660119,0.986,0,0,0,0,0,0.9,0.6,0.7,0.05,pStart0.75,pComplete0.7,pSeek0.6,pStart0.75_pComplete0.7_pSeek0.6
25,35,0,6.6,12.8,0.38,0.14,0.01,0.78,0.2,0.07,0.6,0.8,0.7,0.1660119,0.986,0,0,0,0,0,0.9,0.6,0.7,0.05,pStart0.8,pComplete0.7,pSeek0.6,pStart0.8_pComplete0.7_pSeek0.6
25,35,0,6.6,12.8,0.38,0.14,0.01,0.78,0.2,0.07,0.6,0.85,0.7,0.1660119,0.986,0,0,0,0,0,0.9,0.6,0.7,0.05,pStart0.85,pComplete0.7,pSeek0.6,pStart0.85_pComplete0.7_pSeek0.6
25,35,0,6.6,12.8,0.38,0.14,0.01,0.78,0.2,0.07,0.6,0.9,0.7,0.1660119,0.986,0,0,0,0,0,0.9,0.6,0.7,0.05,pStart0.9,pComplete0.7,pSeek0.6,pStart0.9_pComplete0.7_pSeek0.6
25,35,0,6.6,12.8,0.38,0.14,0.01,0.78,0.2,0.07,0.6,0.95,0.7,0.1660119,0.986,0,0,0,0,0,0.9,0.6,0.7,0.05,pStart0.95,pComplete0.7,pSeek0.6,pStart0.95_pComplete0.7_pSeek0.6
25,35,0,6.6,12.8,0.38,0.14,0.01,0.78,0.2,0.07,0.6,1,0.7,0.1660119,0.986,0,0,0,0,0,0.9,0.6,0.7,0.05,pStart1,pComplete0.7,pSeek0.6,pStart1_pComplete0.7_pSeek0.6
25,35,0,6.6,12.8,0.38,0.14,0.01,0.78,0.2,0.07,0.6,0.6,0.8,0.1660119,0.986,0,0,0,0,0,0.9,0.6,0.7,0.05,pStart0.6,pComplete0.8,pSeek0.6,pStart0.6_pComplete0.8_pSeek0.6
25,35,0,6.6,12.8,0.38,0.14,0.01,0.78,0.2,0.07,0.6,0.65,0.8,0.1660119,0.986,0,0,0,0,0,0.9,0.6,0.7,0.05,pStart0.65,pComplete0.8,pSeek0.6,pStart0.65_pComplete0.8_pSeek0.6
25,35,0,6.6,12.8,0.38,0.14,0.01,0.78,0.2,0.07,0.6,0.7,0.8,0.1660119,0.986,0,0,0,0,0,0.9,0.6,0.7,0.05,pStart0.7,pComplete0.8,pSeek0.6,pStart0.7_pComplete0.8_pSeek0.6
25,35,0,6.6,12.8,0.38,0.14,0.01,0.78,0.2,0.07,0.6,0.75,0.8,0.1660119,0.986,0,0,0,0,0,0.9,0.6,0.7,0.05,pStart0.75,pComplete0.8,pSeek0.6,pStart0.75_pComplete0.8_pSeek0.6
25,35,0,6.6,12.8,0.38,0.14,0.01,0.78,0.2,0.07,0.6,0.8,0.8,0.1660119,0.986,0,0,0,0,0,0.9,0.6,0.7,0.05,pStart0.8,pComplete0.8,pSeek0.6,pStart0.8_pComplete0.8_pSeek0.6
25,35,0,6.6,12.8,0.38,0.14,0.01,0.78,0.2,0.07,0.6,0.85,0.8,0.1660119,0.986,0,0,0,0,0,0.9,0.6,0.7,0.05,pStart0.85,pComplete0.8,pSeek0.6,pStart0.85_pComplete0.8_pSeek0.6
25,35,0,6.6,12.8,0.38,0.14,0.01,0.78,0.2,0.07,0.6,0.9,0.8,0.1660119,0.986,0,0,0,0,0,0.9,0.6,0.7,0.05,pStart0.9,pComplete0.8,pSeek0.6,pStart0.9_pComplete0.8_pSeek0.6
25,35,0,6.6,12.8,0.38,0.14,0.01,0.78,0.2,0.07,0.6,0.95,0.8,0.1660119,0.986,0,0,0,0,0,0.9,0.6,0.7,0.05,pStart0.95,pComplete0.8,pSeek0.6,pStart0.95_pComplete0.8_pSeek0.6
25,35,0,6.6,12.8,0.38,0.14,0.01,0.78,0.2,0.07,0.6,1,0.8,0.1660119,0.986,0,0,0,0,0,0.9,0.6,0.7,0.05,pStart1,pComplete0.8,pSeek0.6,pStart1_pComplete0.8_pSeek0.6
25,35,0,6.6,12.8,0.38,0.14,0.01,0.78,0.2,0.07,0.6,0.6,0.9,0.1660119,0.986,0,0,0,0,0,0.9,0.6,0.7,0.05,pStart0.6,pComplete0.9,pSeek0.6,pStart0.6_pComplete0.9_pSeek0.6
25,35,0,6.6,12.8,0.38,0.14,0.01,0.78,0.2,0.07,0.6,0.65,0.9,0.1660119,0.986,0,0,0,0,0,0.9,0.6,0.7,0.05,pStart0.65,pComplete0.9,pSeek0.6,pStart0.65_pComplete0.9_pSeek0.6
25,35,0,6.6,12.8,0.38,0.14,0.01,0.78,0.2,0.07,0.6,0.7,0.9,0.1660119,0.986,0,0,0,0,0,0.9,0.6,0.7,0.05,pStart0.7,pComplete0.9,pSeek0.6,pStart0.7_pComplete0.9_pSeek0.6
25,35,0,6.6,12.8,0.38,0.14,0.01,0.78,0.2,0.07,0.6,0.75,0.9,0.1660119,0.986,0,0,0,0,0,0.9,0.6,0.7,0.05,pStart0.75,pComplete0.9,pSeek0.6,pStart0.75_pComplete0.9_pSeek0.6
25,35,0,6.6,12.8,0.38,0.14,0.01,0.78,0.2,0.07,0.6,0.8,0.9,0.1660119,0.986,0,0,0,0,0,0.9,0.6,0.7,0.05,pStart0.8,pComplete0.9,pSeek0.6,pStart0.8_pComplete0.9_pSeek0.6
25,35,0,6.6,12.8,0.38,0.14,0.01,0.78,0.2,0.07,0.6,0.85,0.9,0.1660119,0.986,0,0,0,0,0,0.9,0.6,0.7,0.05,pStart0.85,pComplete0.9,pSeek0.6,pStart0.85_pComplete0.9_pSeek0.6
25,35,0,6.6,12.8,0.38,0.14,0.01,0.78,0.2,0.07,0.6,0.9,0.9,0.1660119,0.986,0,0,0,0,0,0.9,0.6,0.7,0.05,pStart0.9,pComplete0.9,pSeek0.6,pStart0.9_pComplete0.9_pSeek0.6
25,35,0,6.6,12.8,0.38,0.14,0.01,0.78,0.2,0.07,0.6,0.95,0.9,0.1660119,0.986,0,0,0,0,0,0.9,0.6,0.7,0.05,pStart0.95,pComplete0.9,pSeek0.6,pStart0.95_pComplete0.9_pSeek0.6
25,35,0,6.6,12.8,0.38,0.14,0.01,0.78,0.2,0.07,0.6,1,0.9,0.1660119,0.986,0,0,0,0,0,0.9,0.6,0.7,0.05,pStart1,pComplete0.9,pSeek0.6,pStart1_pComplete0.9_pSeek0.6
25,35,0,6.6,12.8,0.38,0.14,0.01,0.78,0.2,0.07,0.6,0.6,1,0.1660119,0.986,0,0,0,0,0,0.9,0.6,0.7,0.05,pStart0.6,pComplete1,pSeek0.6,pStart0.6_pComplete1_pSeek0.6
25,35,0,6.6,12.8,0.38,0.14,0.01,0.78,0.2,0.07,0.6,0.65,1,0.1660119,0.986,0,0,0,0,0,0.9,0.6,0.7,0.05,pStart0.65,pComplete1,pSeek0.6,pStart0.65_pComplete1_pSeek0.6
25,35,0,6.6,12.8,0.38,0.14,0.01,0.78,0.2,0.07,0.6,0.7,1,0.1660119,0.986,0,0,0,0,0,0.9,0.6,0.7,0.05,pStart0.7,pComplete1,pSeek0.6,pStart0.7_pComplete1_pSeek0.6
25,35,0,6.6,12.8,0.38,0.14,0.01,0.78,0.2,0.07,0.6,0.75,1,0.1660119,0.986,0,0,0,0,0,0.9,0.6,0.7,0.05,pStart0.75,pComplete1,pSeek0.6,pStart0.75_pComplete1_pSeek0.6
25,35,0,6.6,12.8,0.38,0.14,0.01,0.78,0.2,0.07,0.6,0.8,1,0.1660119,0.986,0,0,0,0,0,0.9,0.6,0.7,0.05,pStart0.8,pComplete1,pSeek0.6,pStart0.8_pComplete1_pSeek0.6
25,35,0,6.6,12.8,0.38,0.14,0.01,0.78,0.2,0.07,0.6,0.85,1,0.1660119,0.986,0,0,0,0,0,0.9,0.6,0.7,0.05,pStart0.85,pComplete1,pSeek0.6,pStart0.85_pComplete1_pSeek0.6
25,35,0,6.6,12.8,0.38,0.14,0.01,0.78,0.2,0.07,0.6,0.9,1,0.1660119,0.986,0,0,0,0,0,0.9,0.6,0.7,0.05,pStart0.9,pComplete1,pSeek0.6,pStart0.9_pComplete1_pSeek0.6
25,35,0,6.6,12.8,0.38,0.14,0.01,0.78,0.2,0.07,0.6,0.95,1,0.1660119,0.986,0,0,0,0,0,0.9,0.6,0.7,0.05,pStart0.95,pComplete1,pSeek0.6,pStart0.95_pComplete1_pSeek0.6
25,35,0,6.6,12.8,0.38,0.14,0.01,0.78,0.2,0.07,0.6,1,1,0.1660119,0.986,0,0,0,0,0,0.9,0.6,0.7,0.05,pStart1,pComplete1,pSeek0.6,pStart1_pComplete1_pSeek0.6
25,35,0,6.6,12.8,0.38,0.14,0.01,0.78,0.2,0.07,0.8,0.6,0.3,0.1660119,0.986,0,0,0,0,0,0.9,0.6,0.7,0.05,pStart0.6,pComplete0.3,pSeek0.8,pStart0.6_pComplete0.3_pSeek0.8
25,35,0,6.6,12.8,0.38,0.14,0.01,0.78,0.2,0.07,0.8,0.65,0.3,0.1660119,0.986,0,0,0,0,0,0.9,0.6,0.7,0.05,pStart0.65,pComplete0.3,pSeek0.8,pStart0.65_pComplete0.3_pSeek0.8
25,35,0,6.6,12.8,0.38,0.14,0.01,0.78,0.2,0.07,0.8,0.7,0.3,0.1660119,0.986,0,0,0,0,0,0.9,0.6,0.7,0.05,pStart0.7,pComplete0.3,pSeek0.8,pStart0.7_pComplete0.3_pSeek0.8
25,35,0,6.6,12.8,0.38,0.14,0.01,0.78,0.2,0.07,0.8,0.75,0.3,0.1660119,0.986,0,0,0,0,0,0.9,0.6,0.7,0.05,pStart0.75,pComplete0.3,pSeek0.8,pStart0.75_pComplete0.3_pSeek0.8
25,35,0,6.6,12.8,0.38,0.14,0.01,0.78,0.2,0.07,0.8,0.8,0.3,0.1660119,0.986,0,0,0,0,0,0.9,0.6,0.7,0.05,pStart0.8,pComplete0.3,pSeek0.8,pStart0.8_pComplete0.3_pSeek0.8
25,35,0,6.6,12.8,0.38,0.14,0.01,0.78,0.2,0.07,0.8,0.85,0.3,0.1660119,0.986,0,0,0,0,0,0.9,0.6,0.7,0.05,pStart0.85,pComplete0.3,pSeek0.8,pStart0.85_pComplete0.3_pSeek0.8
25,35,0,6.6,12.8,0.38,0.14,0.01,0.78,0.2,0.07,0.8,0.9,0.3,0.1660119,0.986,0,0,0,0,0,0.9,0.6,0.7,0.05,pStart0.9,pComplete0.3,pSeek0.8,pStart0.9_pComplete0.3_pSeek0.8
25,35,0,6.6,12.8,0.38,0.14,0.01,0.78,0.2,0.07,0.8,0.95,0.3,0.1660119,0.986,0,0,0,0,0,0.9,0.6,0.7,0.05,pStart0.95,pComplete0.3,pSeek0.8,pStart0.95_pComplete0.3_pSeek0.8
25,35,0,6.6,12.8,0.38,0.14,0.01,0.78,0.2,0.07,0.8,1,0.3,0.1660119,0.986,0,0,0,0,0,0.9,0.6,0.7,0.05,pStart1,pComplete0.3,pSeek0.8,pStart1_pComplete0.3_pSeek0.8
25,35,0,6.6,12.8,0.38,0.14,0.01,0.78,0.2,0.07,0.8,0.6,0.4,0.1660119,0.986,0,0,0,0,0,0.9,0.6,0.7,0.05,pStart0.6,pComplete0.4,pSeek0.8,pStart0.6_pComplete0.4_pSeek0.8
25,35,0,6.6,12.8,0.38,0.14,0.01,0.78,0.2,0.07,0.8,0.65,0.4,0.1660119,0.986,0,0,0,0,0,0.9,0.6,0.7,0.05,pStart0.65,pComplete0.4,pSeek0.8,pStart0.65_pComplete0.4_pSeek0.8
25,35,0,6.6,12.8,0.38,0.14,0.01,0.78,0.2,0.07,0.8,0.7,0.4,0.1660119,0.986,0,0,0,0,0,0.9,0.6,0.7,0.05,pStart0.7,pComplete0.4,pSeek0.8,pStart0.7_pComplete0.4_pSeek0.8
25,35,0,6.6,12.8,0.38,0.14,0.01,0.78,0.2,0.07,0.8,0.75,0.4,0.1660119,0.986,0,0,0,0,0,0.9,0.6,0.7,0.05,pStart0.75,pComplete0.4,pSeek0.8,pStart0.75_pComplete0.4_pSeek0.8
25,35,0,6.6,12.8,0.38,0.14,0.01,0.78,0.2,0.07,0.8,0.8,0.4,0.1660119,0.986,0,0,0,0,0,0.9,0.6,0.7,0.05,pStart0.8,pComplete0.4,pSeek0.8,pStart0.8_pComplete0.4_pSeek0.8
25,35,0,6.6,12.8,0.38,0.14,0.01,0.78,0.2,0.07,0.8,0.85,0.4,0.1660119,0.986,0,0,0,0,0,0.9,0.6,0.7,0.05,pStart0.85,pComplete0.4,pSeek0.8,pStart0.85_pComplete0.4_pSeek0.8
25,35,0,6.6,12.8,0.38,0.14,0.01,0.78,0.2,0.07,0.8,0.9,0.4,0.1660119,0.986,0,0,0,0,0,0.9,0.6,0.7,0.05,pStart0.9,pComplete0.4,pSeek0.8,pStart0.9_pComplete0.4_pSeek0.8
25,35,0,6.6,12.8,0.38,0.14,0.01,0.78,0.2,0.07,0.8,0.95,0.4,0.1660119,0.986,0,0,0,0,0,0.9,0.6,0.7,0.05,pStart0.95,pComplete0.4,pSeek0.8,pStart0.95_pComplete0.4_pSeek0.8
25,35,0,6.6,12.8,0.38,0.14,0.01,0.78,0.2,0.07,0.8,1,0.4,0.1660119,0.986,0,0,0,0,0,0.9,0.6,0.7,0.05,pStart1,pComplete0.4,pSeek0.8,pStart1_pComplete0.4_pSeek0.8
25,35,0,6.6,12.8,0.38,0.14,0.01,0.78,0.2,0.07,0.8,0.6,0.5,0.1660119,0.986,0,0,0,0,0,0.9,0.6,0.7,0.05,pStart0.6,pComplete0.5,pSeek0.8,pStart0.6_pComplete0.5_pSeek0.8
25,35,0,6.6,12.8,0.38,0.14,0.01,0.78,0.2,0.07,0.8,0.65,0.5,0.1660119,0.986,0,0,0,0,0,0.9,0.6,0.7,0.05,pStart0.65,pComplete0.5,pSeek0.8,pStart0.65_pComplete0.5_pSeek0.8
25,35,0,6.6,12.8,0.38,0.14,0.01,0.78,0.2,0.07,0.8,0.7,0.5,0.1660119,0.986,0,0,0,0,0,0.9,0.6,0.7,0.05,pStart0.7,pComplete0.5,pSeek0.8,pStart0.7_pComplete0.5_pSeek0.8
25,35,0,6.6,12.8,0.38,0.14,0.01,0.78,0.2,0.07,0.8,0.75,0.5,0.1660119,0.986,0,0,0,0,0,0.9,0.6,0.7,0.05,pStart0.75,pComplete0.5,pSeek0.8,pStart0.75_pComplete0.5_pSeek0.8
25,35,0,6.6,12.8,0.38,0.14,0.01,0.78,0.2,0.07,0.8,0.8,0.5,0.1660119,0.986,0,0,0,0,0,0.9,0.6,0.7,0.05,pStart0.8,pComplete0.5,pSeek0.8,pStart0.8_pComplete0.5_pSeek0.8
25,35,0,6.6,12.8,0.38,0.14,0.01,0.78,0.2,0.07,0.8,0.85,0.5,0.1660119,0.986,0,0,0,0,0,0.9,0.6,0.7,0.05,pStart0.85,pComplete0.5,pSeek0.8,pStart0.85_pComplete0.5_pSeek0.8
25,35,0,6.6,12.8,0.38,0.14,0.01,0.78,0.2,0.07,0.8,0.9,0.5,0.1660119,0.986,0,0,0,0,0,0.9,0.6,0.7,0.05,pStart0.9,pComplete0.5,pSeek0.8,pStart0.9_pComplete0.5_pSeek0.8
25,35,0,6.6,12.8,0.38,0.14,0.01,0.78,0.2,0.07,0.8,0.95,0.5,0.1660119,0.986,0,0,0,0,0,0.9,0.6,0.7,0.05,pStart0.95,pComplete0.5,pSeek0.8,pStart0.95_pComplete0.5_pSeek0.8
25,35,0,6.6,12.8,0.38,0.14,0.01,0.78,0.2,0.07,0.8,1,0.5,0.1660119,0.986,0,0,0,0,0,0.9,0.6,0.7,0.05,pStart1,pComplete0.5,pSeek0.8,pStart1_pComplete0.5_pSeek0.8
25,35,0,6.6,12.8,0.38,0.14,0.01,0.78,0.2,0.07,0.8,0.6,0.6,0.1660119,0.986,0,0,0,0,0,0.9,0.6,0.7,0.05,pStart0.6,pComplete0.6,pSeek0.8,pStart0.6_pComplete0.6_pSeek0.8
25,35,0,6.6,12.8,0.38,0.14,0.01,0.78,0.2,0.07,0.8,0.65,0.6,0.1660119,0.986,0,0,0,0,0,0.9,0.6,0.7,0.05,pStart0.65,pComplete0.6,pSeek0.8,pStart0.65_pComplete0.6_pSeek0.8
25,35,0,6.6,12.8,0.38,0.14,0.01,0.78,0.2,0.07,0.8,0.7,0.6,0.1660119,0.986,0,0,0,0,0,0.9,0.6,0.7,0.05,pStart0.7,pComplete0.6,pSeek0.8,pStart0.7_pComplete0.6_pSeek0.8
25,35,0,6.6,12.8,0.38,0.14,0.01,0.78,0.2,0.07,0.8,0.75,0.6,0.1660119,0.986,0,0,0,0,0,0.9,0.6,0.7,0.05,pStart0.75,pComplete0.6,pSeek0.8,pStart0.75_pComplete0.6_pSeek0.8
25,35,0,6.6,12.8,0.38,0.14,0.01,0.78,0.2,0.07,0.8,0.8,0.6,0.1660119,0.986,0,0,0,0,0,0.9,0.6,0.7,0.05,pStart0.8,pComplete0.6,pSeek0.8,pStart0.8_pComplete0.6_pSeek0.8
25,35,0,6.6,12.8,0.38,0.14,0.01,0.78,0.2,0.07,0.8,0.85,0.6,0.1660119,0.986,0,0,0,0,0,0.9,0.6,0.7,0.05,pStart0.85,pComplete0.6,pSeek0.8,pStart0.85_pComplete0.6_pSeek0.8
25,35,0,6.6,12.8,0.38,0.14,0.01,0.78,0.2,0.07,0.8,0.9,0.6,0.1660119,0.986,0,0,0,0,0,0.9,0.6,0.7,0.05,pStart0.9,pComplete0.6,pSeek0.8,pStart0.9_pComplete0.6_pSeek0.8
25,35,0,6.6,12.8,0.38,0.14,0.01,0.78,0.2,0.07,0.8,0.95,0.6,0.1660119,0.986,0,0,0,0,0,0.9,0.6,0.7,0.05,pStart0.95,pComplete0.6,pSeek0.8,pStart0.95_pComplete0.6_pSeek0.8
25,35,0,6.6,12.8,0.38,0.14,0.01,0.78,0.2,0.07,0.8,1,0.6,0.1660119,0.986,0,0,0,0,0,0.9,0.6,0.7,0.05,pStart1,pComplete0.6,pSeek0.8,pStart1_pComplete0.6_pSeek0.8
25,35,0,6.6,12.8,0.38,0.14,0.01,0.78,0.2,0.07,0.8,0.6,0.7,0.1660119,0.986,0,0,0,0,0,0.9,0.6,0.7,0.05,pStart0.6,pComplete0.7,pSeek0.8,pStart0.6_pComplete0.7_pSeek0.8
25,35,0,6.6,12.8,0.38,0.14,0.01,0.78,0.2,0.07,0.8,0.65,0.7,0.1660119,0.986,0,0,0,0,0,0.9,0.6,0.7,0.05,pStart0.65,pComplete0.7,pSeek0.8,pStart0.65_pComplete0.7_pSeek0.8
25,35,0,6.6,12.8,0.38,0.14,0.01,0.78,0.2,0.07,0.8,0.7,0.7,0.1660119,0.986,0,0,0,0,0,0.9,0.6,0.7,0.05,pStart0.7,pComplete0.7,pSeek0.8,pStart0.7_pComplete0.7_pSeek0.8
25,35,0,6.6,12.8,0.38,0.14,0.01,0.78,0.2,0.07,0.8,0.75,0.7,0.1660119,0.986,0,0,0,0,0,0.9,0.6,0.7,0.05,pStart0.75,pComplete0.7,pSeek0.8,pStart0.75_pComplete0.7_pSeek0.8
25,35,0,6.6,12.8,0.38,0.14,0.01,0.78,0.2,0.07,0.8,0.8,0.7,0.1660119,0.986,0,0,0,0,0,0.9,0.6,0.7,0.05,pStart0.8,pComplete0.7,pSeek0.8,pStart0.8_pComplete0.7_pSeek0.8
25,35,0,6.6,12.8,0.38,0.14,0.01,0.78,0.2,0.07,0.8,0.85,0.7,0.1660119,0.986,0,0,0,0,0,0.9,0.6,0.7,0.05,pStart0.85,pComplete0.7,pSeek0.8,pStart0.85_pComplete0.7_pSeek0.8
25,35,0,6.6,12.8,0.38,0.14,0.01,0.78,0.2,0.07,0.8,0.9,0.7,0.1660119,0.986,0,0,0,0,0,0.9,0.6,0.7,0.05,pStart0.9,pComplete0.7,pSeek0.8,pStart0.9_pComplete0.7_pSeek0.8
25,35,0,6.6,12.8,0.38,0.14,0.01,0.78,0.2,0.07,0.8,0.95,0.7,0.1660119,0.986,0,0,0,0,0,0.9,0.6,0.7,0.05,pStart0.95,pComplete0.7,pSeek0.8,pStart0.95_pComplete0.7_pSeek0.8
25,35,0,6.6,12.8,0.38,0.14,0.01,0.78,0.2,0.07,0.8,1,0.7,0.1660119,0.986,0,0,0,0,0,0.9,0.6,0.7,0.05,pStart1,pComplete0.7,pSeek0.8,pStart1_pComplete0.7_pSeek0.8
25,35,0,6.6,12.8,0.38,0.14,0.01,0.78,0.2,0.07,0.8,0.6,0.8,0.1660119,0.986,0,0,0,0,0,0.9,0.6,0.7,0.05,pStart0.6,pComplete0.8,pSeek0.8,pStart0.6_pComplete0.8_pSeek0.8
25,35,0,6.6,12.8,0.38,0.14,0.01,0.78,0.2,0.07,0.8,0.65,0.8,0.1660119,0.986,0,0,0,0,0,0.9,0.6,0.7,0.05,pStart0.65,pComplete0.8,pSeek0.8,pStart0.65_pComplete0.8_pSeek0.8
25,35,0,6.6,12.8,0.38,0.14,0.01,0.78,0.2,0.07,0.8,0.7,0.8,0.1660119,0.986,0,0,0,0,0,0.9,0.6,0.7,0.05,pStart0.7,pComplete0.8,pSeek0.8,pStart0.7_pComplete0.8_pSeek0.8
25,35,0,6.6,12.8,0.38,0.14,0.01,0.78,0.2,0.07,0.8,0.75,0.8,0.1660119,0.986,0,0,0,0,0,0.9,0.6,0.7,0.05,pStart0.75,pComplete0.8,pSeek0.8,pStart0.75_pComplete0.8_pSeek0.8
25,35,0,6.6,12.8,0.38,0.14,0.01,0.78,0.2,0.07,0.8,0.8,0.8,0.1660119,0.986,0,0,0,0,0,0.9,0.6,0.7,0.05,pStart0.8,pComplete0.8,pSeek0.8,pStart0.8_pComplete0.8_pSeek0.8
25,35,0,6.6,12.8,0.38,0.14,0.01,0.78,0.2,0.07,0.8,0.85,0.8,0.1660119,0.986,0,0,0,0,0,0.9,0.6,0.7,0.05,pStart0.85,pComplete0.8,pSeek0.8,pStart0.85_pComplete0.8_pSeek0.8
25,35,0,6.6,12.8,0.38,0.14,0.01,0.78,0.2,0.07,0.8,0.9,0.8,0.1660119,0.986,0,0,0,0,0,0.9,0.6,0.7,0.05,pStart0.9,pComplete0.8,pSeek0.8,pStart0.9_pComplete0.8_pSeek0.8
25,35,0,6.6,12.8,0.38,0.14,0.01,0.78,0.2,0.07,0.8,0.95,0.8,0.1660119,0.986,0,0,0,0,0,0.9,0.6,0.7,0.05,pStart0.95,pComplete0.8,pSeek0.8,pStart0.95_pComplete0.8_pSeek0.8
25,35,0,6.6,12.8,0.38,0.14,0.01,0.78,0.2,0.07,0.8,1,0.8,0.1660119,0.986,0,0,0,0,0,0.9,0.6,0.7,0.05,pStart1,pComplete0.8,pSeek0.8,pStart1_pComplete0.8_pSeek0.8
25,35,0,6.6,12.8,0.38,0.14,0.01,0.78,0.2,0.07,0.8,0.6,0.9,0.1660119,0.986,0,0,0,0,0,0.9,0.6,0.7,0.05,pStart0.6,pComplete0.9,pSeek0.8,pStart0.6_pComplete0.9_pSeek0.8
25,35,0,6.6,12.8,0.38,0.14,0.01,0.78,0.2,0.07,0.8,0.65,0.9,0.1660119,0.986,0,0,0,0,0,0.9,0.6,0.7,0.05,pStart0.65,pComplete0.9,pSeek0.8,pStart0.65_pComplete0.9_pSeek0.8
25,35,0,6.6,12.8,0.38,0.14,0.01,0.78,0.2,0.07,0.8,0.7,0.9,0.1660119,0.986,0,0,0,0,0,0.9,0.6,0.7,0.05,pStart0.7,pComplete0.9,pSeek0.8,pStart0.7_pComplete0.9_pSeek0.8
25,35,0,6.6,12.8,0.38,0.14,0.01,0.78,0.2,0.07,0.8,0.75,0.9,0.1660119,0.986,0,0,0,0,0,0.9,0.6,0.7,0.05,pStart0.75,pComplete0.9,pSeek0.8,pStart0.75_pComplete0.9_pSeek0.8
25,35,0,6.6,12.8,0.38,0.14,0.01,0.78,0.2,0.07,0.8,0.8,0.9,0.1660119,0.986,0,0,0,0,0,0.9,0.6,0.7,0.05,pStart0.8,pComplete0.9,pSeek0.8,pStart0.8_pComplete0.9_pSeek0.8
25,35,0,6.6,12.8,0.38,0.14,0.01,0.78,0.2,0.07,0.8,0.85,0.9,0.1660119,0.986,0,0,0,0,0,0.9,0.6,0.7,0.05,pStart0.85,pComplete0.9,pSeek0.8,pStart0.85_pComplete0.9_pSeek0.8
25,35,0,6.6,12.8,0.38,0.14,0.01,0.78,0.2,0.07,0.8,0.9,0.9,0.1660119,0.986,0,0,0,0,0,0.9,0.6,0.7,0.05,pStart0.9,pComplete0.9,pSeek0.8,pStart0.9_pComplete0.9_pSeek0.8
25,35,0,6.6,12.8,0.38,0.14,0.01,0.78,0.2,0.07,0.8,0.95,0.9,0.1660119,0.986,0,0,0,0,0,0.9,0.6,0.7,0.05,pStart0.95,pComplete0.9,pSeek0.8,pStart0.95_pComplete0.9_pSeek0.8
25,35,0,6.6,12.8,0.38,0.14,0.01,0.78,0.2,0.07,0.8,1,0.9,0.1660119,0.986,0,0,0,0,0,0.9,0.6,0.7,0.05,pStart1,pComplete0.9,pSeek0.8,pStart1_pComplete0.9_pSeek0.8
25,35,0,6.6,12.8,0.38,0.14,0.01,0.78,0.2,0.07,0.8,0.6,1,0.1660119,0.986,0,0,0,0,0,0.9,0.6,0.7,0.05,pStart0.6,pComplete1,pSeek0.8,pStart0.6_pComplete1_pSeek0.8
25,35,0,6.6,12.8,0.38,0.14,0.01,0.78,0.2,0.07,0.8,0.65,1,0.1660119,0.986,0,0,0,0,0,0.9,0.6,0.7,0.05,pStart0.65,pComplete1,pSeek0.8,pStart0.65_pComplete1_pSeek0.8
25,35,0,6.6,12.8,0.38,0.14,0.01,0.78,0.2,0.07,0.8,0.7,1,0.1660119,0.986,0,0,0,0,0,0.9,0.6,0.7,0.05,pStart0.7,pComplete1,pSeek0.8,pStart0.7_pComplete1_pSeek0.8
25,35,0,6.6,12.8,0.38,0.14,0.01,0.78,0.2,0.07,0.8,0.75,1,0.1660119,0.986,0,0,0,0,0,0.9,0.6,0.7,0.05,pStart0.75,pComplete1,pSeek0.8,pStart0.75_pComplete1_pSeek0.8
25,35,0,6.6,12.8,0.38,0.14,0.01,0.78,0.2,0.07,0.8,0.8,1,0.1660119,0.986,0,0,0,0,0,0.9,0.6,0.7,0.05,pStart0.8,pComplete1,pSeek0.8,pStart0.8_pComplete1_pSeek0.8
25,35,0,6.6,12.8,0.38,0.14,0.01,0.78,0.2,0.07,0.8,0.85,1,0.1660119,0.986,0,0,0,0,0,0.9,0.6,0.7,0.05,pStart0.85,pComplete1,pSeek0.8,pStart0.85_pComplete1_pSeek0.8
25,35,0,6.6,12.8,0.38,0.14,0.01,0.78,0.2,0.07,0.8,0.9,1,0.1660119,0.986,0,0,0,0,0,0.9,0.6,0.7,0.05,pStart0.9,pComplete1,pSeek0.8,pStart0.9_pComplete1_pSeek0.8
25,35,0,6.6,12.8,0.38,0.14,0.01,0.78,0.2,0.07,0.8,0.95,1,0.1660119,0.986,0,0,0,0,0,0.9,0.6,0.7,0.05,pStart0.95,pComplete1,pSeek0.8,pStart0.95_pComplete1_pSeek0.8
25,35,0,6.6,12.8,0.38,0.14,0.01,0.78,0.2,0.07,0.8,1,1,0.1660119,0.986,0,0,0,0,0,0.9,0.6,0.7,0.05,pStart1,pComplete1,pSeek0.8,pStart1_pComplete1_pSeek0.8
25,35,0,6.6,12.8,0.38,0.14,0.01,0.78,0.2,0.07,0.9,0.6,0.3,0.1660119,0.986,0,0,0,0,0,0.9,0.6,0.7,0.05,pStart0.6,pComplete0.3,pSeek0.9,pStart0.6_pComplete0.3_pSeek0.9
25,35,0,6.6,12.8,0.38,0.14,0.01,0.78,0.2,0.07,0.9,0.65,0.3,0.1660119,0.986,0,0,0,0,0,0.9,0.6,0.7,0.05,pStart0.65,pComplete0.3,pSeek0.9,pStart0.65_pComplete0.3_pSeek0.9
25,35,0,6.6,12.8,0.38,0.14,0.01,0.78,0.2,0.07,0.9,0.7,0.3,0.1660119,0.986,0,0,0,0,0,0.9,0.6,0.7,0.05,pStart0.7,pComplete0.3,pSeek0.9,pStart0.7_pComplete0.3_pSeek0.9
25,35,0,6.6,12.8,0.38,0.14,0.01,0.78,0.2,0.07,0.9,0.75,0.3,0.1660119,0.986,0,0,0,0,0,0.9,0.6,0.7,0.05,pStart0.75,pComplete0.3,pSeek0.9,pStart0.75_pComplete0.3_pSeek0.9
25,35,0,6.6,12.8,0.38,0.14,0.01,0.78,0.2,0.07,0.9,0.8,0.3,0.1660119,0.986,0,0,0,0,0,0.9,0.6,0.7,0.05,pStart0.8,pComplete0.3,pSeek0.9,pStart0.8_pComplete0.3_pSeek0.9
25,35,0,6.6,12.8,0.38,0.14,0.01,0.78,0.2,0.07,0.9,0.85,0.3,0.1660119,0.986,0,0,0,0,0,0.9,0.6,0.7,0.05,pStart0.85,pComplete0.3,pSeek0.9,pStart0.85_pComplete0.3_pSeek0.9
25,35,0,6.6,12.8,0.38,0.14,0.01,0.78,0.2,0.07,0.9,0.9,0.3,0.1660119,0.986,0,0,0,0,0,0.9,0.6,0.7,0.05,pStart0.9,pComplete0.3,pSeek0.9,pStart0.9_pComplete0.3_pSeek0.9
25,35,0,6.6,12.8,0.38,0.14,0.01,0.78,0.2,0.07,0.9,0.95,0.3,0.1660119,0.986,0,0,0,0,0,0.9,0.6,0.7,0.05,pStart0.95,pComplete0.3,pSeek0.9,pStart0.95_pComplete0.3_pSeek0.9
25,35,0,6.6,12.8,0.38,0.14,0.01,0.78,0.2,0.07,0.9,1,0.3,0.1660119,0.986,0,0,0,0,0,0.9,0.6,0.7,0.05,pStart1,pComplete0.3,pSeek0.9,pStart1_pComplete0.3_pSeek0.9
25,35,0,6.6,12.8,0.38,0.14,0.01,0.78,0.2,0.07,0.9,0.6,0.4,0.1660119,0.986,0,0,0,0,0,0.9,0.6,0.7,0.05,pStart0.6,pComplete0.4,pSeek0.9,pStart0.6_pComplete0.4_pSeek0.9
25,35,0,6.6,12.8,0.38,0.14,0.01,0.78,0.2,0.07,0.9,0.65,0.4,0.1660119,0.986,0,0,0,0,0,0.9,0.6,0.7,0.05,pStart0.65,pComplete0.4,pSeek0.9,pStart0.65_pComplete0.4_pSeek0.9
25,35,0,6.6,12.8,0.38,0.14,0.01,0.78,0.2,0.07,0.9,0.7,0.4,0.1660119,0.986,0,0,0,0,0,0.9,0.6,0.7,0.05,pStart0.7,pComplete0.4,pSeek0.9,pStart0.7_pComplete0.4_pSeek0.9
25,35,0,6.6,12.8,0.38,0.14,0.01,0.78,0.2,0.07,0.9,0.75,0.4,0.1660119,0.986,0,0,0,0,0,0.9,0.6,0.7,0.05,pStart0.75,pComplete0.4,pSeek0.9,pStart0.75_pComplete0.4_pSeek0.9
25,35,0,6.6,12.8,0.38,0.14,0.01,0.78,0.2,0.07,0.9,0.8,0.4,0.1660119,0.986,0,0,0,0,0,0.9,0.6,0.7,0.05,pStart0.8,pComplete0.4,pSeek0.9,pStart0.8_pComplete0.4_pSeek0.9
25,35,0,6.6,12.8,0.38,0.14,0.01,0.78,0.2,0.07,0.9,0.85,0.4,0.1660119,0.986,0,0,0,0,0,0.9,0.6,0.7,0.05,pStart0.85,pComplete0.4,pSeek0.9,pStart0.85_pComplete0.4_pSeek0.9
25,35,0,6.6,12.8,0.38,0.14,0.01,0.78,0.2,0.07,0.9,0.9,0.4,0.1660119,0.986,0,0,0,0,0,0.9,0.6,0.7,0.05,pStart0.9,pComplete0.4,pSeek0.9,pStart0.9_pComplete0.4_pSeek0.9
25,35,0,6.6,12.8,0.38,0.14,0.01,0.78,0.2,0.07,0.9,0.95,0.4,0.1660119,0.986,0,0,0,0,0,0.9,0.6,0.7,0.05,pStart0.95,pComplete0.4,pSeek0.9,pStart0.95_pComplete0.4_pSeek0.9
25,35,0,6.6,12.8,0.38,0.14,0.01,0.78,0.2,0.07,0.9,1,0.4,0.1660119,0.986,0,0,0,0,0,0.9,0.6,0.7,0.05,pStart1,pComplete0.4,pSeek0.9,pStart1_pComplete0.4_pSeek0.9
25,35,0,6.6,12.8,0.38,0.14,0.01,0.78,0.2,0.07,0.9,0.6,0.5,0.1660119,0.986,0,0,0,0,0,0.9,0.6,0.7,0.05,pStart0.6,pComplete0.5,pSeek0.9,pStart0.6_pComplete0.5_pSeek0.9
25,35,0,6.6,12.8,0.38,0.14,0.01,0.78,0.2,0.07,0.9,0.65,0.5,0.1660119,0.986,0,0,0,0,0,0.9,0.6,0.7,0.05,pStart0.65,pComplete0.5,pSeek0.9,pStart0.65_pComplete0.5_pSeek0.9
25,35,0,6.6,12.8,0.38,0.14,0.01,0.78,0.2,0.07,0.9,0.7,0.5,0.1660119,0.986,0,0,0,0,0,0.9,0.6,0.7,0.05,pStart0.7,pComplete0.5,pSeek0.9,pStart0.7_pComplete0.5_pSeek0.9
25,35,0,6.6,12.8,0.38,0.14,0.01,0.78,0.2,0.07,0.9,0.75,0.5,0.1660119,0.986,0,0,0,0,0,0.9,0.6,0.7,0.05,pStart0.75,pComplete0.5,pSeek0.9,pStart0.75_pComplete0.5_pSeek0.9
25,35,0,6.6,12.8,0.38,0.14,0.01,0.78,0.2,0.07,0.9,0.8,0.5,0.1660119,0.986,0,0,0,0,0,0.9,0.6,0.7,0.05,pStart0.8,pComplete0.5,pSeek0.9,pStart0.8_pComplete0.5_pSeek0.9
25,35,0,6.6,12.8,0.38,0.14,0.01,0.78,0.2,0.07,0.9,0.85,0.5,0.1660119,0.986,0,0,0,0,0,0.9,0.6,0.7,0.05,pStart0.85,pComplete0.5,pSeek0.9,pStart0.85_pComplete0.5_pSeek0.9
25,35,0,6.6,12.8,0.38,0.14,0.01,0.78,0.2,0.07,0.9,0.9,0.5,0.1660119,0.986,0,0,0,0,0,0.9,0.6,0.7,0.05,pStart0.9,pComplete0.5,pSeek0.9,pStart0.9_pComplete0.5_pSeek0.9
25,35,0,6.6,12.8,0.38,0.14,0.01,0.78,0.2,0.07,0.9,0.95,0.5,0.1660119,0.986,0,0,0,0,0,0.9,0.6,0.7,0.05,pStart0.95,pComplete0.5,pSeek0.9,pStart0.95_pComplete0.5_pSeek0.9
25,35,0,6.6,12.8,0.38,0.14,0.01,0.78,0.2,0.07,0.9,1,0.5,0.1660119,0.986,0,0,0,0,0,0.9,0.6,0.7,0.05,pStart1,pComplete0.5,pSeek0.9,pStart1_pComplete0.5_pSeek0.9
25,35,0,6.6,12.8,0.38,0.14,0.01,0.78,0.2,0.07,0.9,0.6,0.6,0.1660119,0.986,0,0,0,0,0,0.9,0.6,0.7,0.05,pStart0.6,pComplete0.6,pSeek0.9,pStart0.6_pComplete0.6_pSeek0.9
25,35,0,6.6,12.8,0.38,0.14,0.01,0.78,0.2,0.07,0.9,0.65,0.6,0.1660119,0.986,0,0,0,0,0,0.9,0.6,0.7,0.05,pStart0.65,pComplete0.6,pSeek0.9,pStart0.65_pComplete0.6_pSeek0.9
25,35,0,6.6,12.8,0.38,0.14,0.01,0.78,0.2,0.07,0.9,0.7,0.6,0.1660119,0.986,0,0,0,0,0,0.9,0.6,0.7,0.05,pStart0.7,pComplete0.6,pSeek0.9,pStart0.7_pComplete0.6_pSeek0.9
25,35,0,6.6,12.8,0.38,0.14,0.01,0.78,0.2,0.07,0.9,0.75,0.6,0.1660119,0.986,0,0,0,0,0,0.9,0.6,0.7,0.05,pStart0.75,pComplete0.6,pSeek0.9,pStart0.75_pComplete0.6_pSeek0.9
25,35,0,6.6,12.8,0.38,0.14,0.01,0.78,0.2,0.07,0.9,0.8,0.6,0.1660119,0.986,0,0,0,0,0,0.9,0.6,0.7,0.05,pStart0.8,pComplete0.6,pSeek0.9,pStart0.8_pComplete0.6_pSeek0.9
25,35,0,6.6,12.8,0.38,0.14,0.01,0.78,0.2,0.07,0.9,0.85,0.6,0.1660119,0.986,0,0,0,0,0,0.9,0.6,0.7,0.05,pStart0.85,pComplete0.6,pSeek0.9,pStart0.85_pComplete0.6_pSeek0.9
25,35,0,6.6,12.8,0.38,0.14,0.01,0.78,0.2,0.07,0.9,0.9,0.6,0.1660119,0.986,0,0,0,0,0,0.9,0.6,0.7,0.05,pStart0.9,pComplete0.6,pSeek0.9,pStart0.9_pComplete0.6_pSeek0.9
25,35,0,6.6,12.8,0.38,0.14,0.01,0.78,0.2,0.07,0.9,0.95,0.6,0.1660119,0.986,0,0,0,0,0,0.9,0.6,0.7,0.05,pStart0.95,pComplete0.6,pSeek0.9,pStart0.95_pComplete0.6_pSeek0.9
25,35,0,6.6,12.8,0.38,0.14,0.01,0.78,0.2,0.07,0.9,1,0.6,0.1660119,0.986,0,0,0,0,0,0.9,0.6,0.7,0.05,pStart1,pComplete0.6,pSeek0.9,pStart1_pComplete0.6_pSeek0.9
25,35,0,6.6,12.8,0.38,0.14,0.01,0.78,0.2,0.07,0.9,0.6,0.7,0.1660119,0.986,0,0,0,0,0,0.9,0.6,0.7,0.05,pStart0.6,pComplete0.7,pSeek0.9,pStart0.6_pComplete0.7_pSeek0.9
25,35,0,6.6,12.8,0.38,0.14,0.01,0.78,0.2,0.07,0.9,0.65,0.7,0.1660119,0.986,0,0,0,0,0,0.9,0.6,0.7,0.05,pStart0.65,pComplete0.7,pSeek0.9,pStart0.65_pComplete0.7_pSeek0.9
25,35,0,6.6,12.8,0.38,0.14,0.01,0.78,0.2,0.07,0.9,0.7,0.7,0.1660119,0.986,0,0,0,0,0,0.9,0.6,0.7,0.05,pStart0.7,pComplete0.7,pSeek0.9,pStart0.7_pComplete0.7_pSeek0.9
25,35,0,6.6,12.8,0.38,0.14,0.01,0.78,0.2,0.07,0.9,0.75,0.7,0.1660119,0.986,0,0,0,0,0,0.9,0.6,0.7,0.05,pStart0.75,pComplete0.7,pSeek0.9,pStart0.75_pComplete0.7_pSeek0.9
25,35,0,6.6,12.8,0.38,0.14,0.01,0.78,0.2,0.07,0.9,0.8,0.7,0.1660119,0.986,0,0,0,0,0,0.9,0.6,0.7,0.05,pStart0.8,pComplete0.7,pSeek0.9,pStart0.8_pComplete0.7_pSeek0.9
25,35,0,6.6,12.8,0.38,0.14,0.01,0.78,0.2,0.07,0.9,0.85,0.7,0.1660119,0.986,0,0,0,0,0,0.9,0.6,0.7,0.05,pStart0.85,pComplete0.7,pSeek0.9,pStart0.85_pComplete0.7_pSeek0.9
25,35,0,6.6,12.8,0.38,0.14,0.01,0.78,0.2,0.07,0.9,0.9,0.7,0.1660119,0.986,0,0,0,0,0,0.9,0.6,0.7,0.05,pStart0.9,pComplete0.7,pSeek0.9,pStart0.9_pComplete0.7_pSeek0.9
25,35,0,6.6,12.8,0.38,0.14,0.01,0.78,0.2,0.07,0.9,0.95,0.7,0.1660119,0.986,0,0,0,0,0,0.9,0.6,0.7,0.05,pStart0.95,pComplete0.7,pSeek0.9,pStart0.95_pComplete0.7_pSeek0.9
25,35,0,6.6,12.8,0.38,0.14,0.01,0.78,0.2,0.07,0.9,1,0.7,0.1660119,0.986,0,0,0,0,0,0.9,0.6,0.7,0.05,pStart1,pComplete0.7,pSeek0.9,pStart1_pComplete0.7_pSeek0.9
25,35,0,6.6,12.8,0.38,0.14,0.01,0.78,0.2,0.07,0.9,0.6,0.8,0.1660119,0.986,0,0,0,0,0,0.9,0.6,0.7,0.05,pStart0.6,pComplete0.8,pSeek0.9,pStart0.6_pComplete0.8_pSeek0.9
25,35,0,6.6,12.8,0.38,0.14,0.01,0.78,0.2,0.07,0.9,0.65,0.8,0.1660119,0.986,0,0,0,0,0,0.9,0.6,0.7,0.05,pStart0.65,pComplete0.8,pSeek0.9,pStart0.65_pComplete0.8_pSeek0.9
25,35,0,6.6,12.8,0.38,0.14,0.01,0.78,0.2,0.07,0.9,0.7,0.8,0.1660119,0.986,0,0,0,0,0,0.9,0.6,0.7,0.05,pStart0.7,pComplete0.8,pSeek0.9,pStart0.7_pComplete0.8_pSeek0.9
25,35,0,6.6,12.8,0.38,0.14,0.01,0.78,0.2,0.07,0.9,0.75,0.8,0.1660119,0.986,0,0,0,0,0,0.9,0.6,0.7,0.05,pStart0.75,pComplete0.8,pSeek0.9,pStart0.75_pComplete0.8_pSeek0.9
25,35,0,6.6,12.8,0.38,0.14,0.01,0.78,0.2,0.07,0.9,0.8,0.8,0.1660119,0.986,0,0,0,0,0,0.9,0.6,0.7,0.05,pStart0.8,pComplete0.8,pSeek0.9,pStart0.8_pComplete0.8_pSeek0.9
25,35,0,6.6,12.8,0.38,0.14,0.01,0.78,0.2,0.07,0.9,0.85,0.8,0.1660119,0.986,0,0,0,0,0,0.9,0.6,0.7,0.05,pStart0.85,pComplete0.8,pSeek0.9,pStart0.85_pComplete0.8_pSeek0.9
25,35,0,6.6,12.8,0.38,0.14,0.01,0.78,0.2,0.07,0.9,0.9,0.8,0.1660119,0.986,0,0,0,0,0,0.9,0.6,0.7,0.05,pStart0.9,pComplete0.8,pSeek0.9,pStart0.9_pComplete0.8_pSeek0.9
25,35,0,6.6,12.8,0.38,0.14,0.01,0.78,0.2,0.07,0.9,0.95,0.8,0.1660119,0.986,0,0,0,0,0,0.9,0.6,0.7,0.05,pStart0.95,pComplete0.8,pSeek0.9,pStart0.95_pComplete0.8_pSeek0.9
25,35,0,6.6,12.8,0.38,0.14,0.01,0.78,0.2,0.07,0.9,1,0.8,0.1660119,0.986,0,0,0,0,0,0.9,0.6,0.7,0.05,pStart1,pComplete0.8,pSeek0.9,pStart1_pComplete0.8_pSeek0.9
25,35,0,6.6,12.8,0.38,0.14,0.01,0.78,0.2,0.07,0.9,0.6,0.9,0.1660119,0.986,0,0,0,0,0,0.9,0.6,0.7,0.05,pStart0.6,pComplete0.9,pSeek0.9,pStart0.6_pComplete0.9_pSeek0.9
25,35,0,6.6,12.8,0.38,0.14,0.01,0.78,0.2,0.07,0.9,0.65,0.9,0.1660119,0.986,0,0,0,0,0,0.9,0.6,0.7,0.05,pStart0.65,pComplete0.9,pSeek0.9,pStart0.65_pComplete0.9_pSeek0.9
25,35,0,6.6,12.8,0.38,0.14,0.01,0.78,0.2,0.07,0.9,0.7,0.9,0.1660119,0.986,0,0,0,0,0,0.9,0.6,0.7,0.05,pStart0.7,pComplete0.9,pSeek0.9,pStart0.7_pComplete0.9_pSeek0.9
25,35,0,6.6,12.8,0.38,0.14,0.01,0.78,0.2,0.07,0.9,0.75,0.9,0.1660119,0.986,0,0,0,0,0,0.9,0.6,0.7,0.05,pStart0.75,pComplete0.9,pSeek0.9,pStart0.75_pComplete0.9_pSeek0.9
25,35,0,6.6,12.8,0.38,0.14,0.01,0.78,0.2,0.07,0.9,0.8,0.9,0.1660119,0.986,0,0,0,0,0,0.9,0.6,0.7,0.05,pStart0.8,pComplete0.9,pSeek0.9,pStart0.8_pComplete0.9_pSeek0.9
25,35,0,6.6,12.8,0.38,0.14,0.01,0.78,0.2,0.07,0.9,0.85,0.9,0.1660119,0.986,0,0,0,0,0,0.9,0.6,0.7,0.05,pStart0.85,pComplete0.9,pSeek0.9,pStart0.85_pComplete0.9_pSeek0.9
25,35,0,6.6,12.8,0.38,0.14,0.01,0.78,0.2,0.07,0.9,0.9,0.9,0.1660119,0.986,0,0,0,0,0,0.9,0.6,0.7,0.05,pStart0.9,pComplete0.9,pSeek0.9,pStart0.9_pComplete0.9_pSeek0.9
25,35,0,6.6,12.8,0.38,0.14,0.01,0.78,0.2,0.07,0.9,0.95,0.9,0.1660119,0.986,0,0,0,0,0,0.9,0.6,0.7,0.05,pStart0.95,pComplete0.9,pSeek0.9,pStart0.95_pComplete0.9_pSeek0.9
25,35,0,6.6,12.8,0.38,0.14,0.01,0.78,0.2,0.07,0.9,1,0.9,0.1660119,0.986,0,0,0,0,0,0.9,0.6,0.7,0.05,pStart1,pComplete0.9,pSeek0.9,pStart1_pComplete0.9_pSeek0.9
25,35,0,6.6,12.8,0.38,0.14,0.01,0.78,0.2,0.07,0.9,0.6,1,0.1660119,0.986,0,0,0,0,0,0.9,0.6,0.7,0.05,pStart0.6,pComplete1,pSeek0.9,pStart0.6_pComplete1_pSeek0.9
25,35,0,6.6,12.8,0.38,0.14,0.01,0.78,0.2,0.07,0.9,0.65,1,0.1660119,0.986,0,0,0,0,0,0.9,0.6,0.7,0.05,pStart0.65,pComplete1,pSeek0.9,pStart0.65_pComplete1_pSeek0.9
25,35,0,6.6,12.8,0.38,0.14,0.01,0.78,0.2,0.07,0.9,0.7,1,0.1660119,0.986,0,0,0,0,0,0.9,0.6,0.7,0.05,pStart0.7,pComplete1,pSeek0.9,pStart0.7_pComplete1_pSeek0.9
25,35,0,6.6,12.8,0.38,0.14,0.01,0.78,0.2,0.07,0.9,0.75,1,0.1660119,0.986,0,0,0,0,0,0.9,0.6,0.7,0.05,pStart0.75,pComplete1,pSeek0.9,pStart0.75_pComplete1_pSeek0.9
25,35,0,6.6,12.8,0.38,0.14,0.01,0.78,0.2,0.07,0.9,0.8,1,0.1660119,0.986,0,0,0,0,0,0.9,0.6,0.7,0.05,pStart0.8,pComplete1,pSeek0.9,pStart0.8_pComplete1_pSeek0.9
25,35,0,6.6,12.8,0.38,0.14,0.01,0.78,0.2,0.07,0.9,0.85,1,0.1660119,0.986,0,0,0,0,0,0.9,0.6,0.7,0.05,pStart0.85,pComplete1,pSeek0.9,pStart0.85_pComplete1_pSeek0.9
25,35,0,6.6,12.8,0.38,0.14,0.01,0.78,0.2,0.07,0.9,0.9,1,0.1660119,0.986,0,0,0,0,0,0.9,0.6,0.7,0.05,pStart0.9,pComplete1,pSeek0.9,pStart0.9_pComplete1_pSeek0.9
25,35,0,6.6,12.8,0.38,0.14,0.01,0.78,0.2,0.07,0.9,0.95,1,0.1660119,0.986,0,0,0,0,0,0.9,0.6,0.7,0.05,pStart0.95,pComplete1,pSeek0.9,pStart0.95_pComplete1_pSeek0.9
25,35,0,6.6,12.8,0.38,0.14,0.01,0.78,0.2,0.07,0.9,1,1,0.1660119,0.986,0,0,0,0,0,0.9,0.6,0.7,0.05,pStart1,pComplete1,pSeek0.9,pStart1_pComplete1_pSeek0.9
25,35,0,6.6,12.8,0.38,0.14,0.01,0.78,0.2,0.07,1,0.6,0.3,0.1660119,0.986,0,0,0,0,0,0.9,0.6,0.7,0.05,pStart0.6,pComplete0.3,pSeek1,pStart0.6_pComplete0.3_pSeek1
25,35,0,6.6,12.8,0.38,0.14,0.01,0.78,0.2,0.07,1,0.65,0.3,0.1660119,0.986,0,0,0,0,0,0.9,0.6,0.7,0.05,pStart0.65,pComplete0.3,pSeek1,pStart0.65_pComplete0.3_pSeek1
25,35,0,6.6,12.8,0.38,0.14,0.01,0.78,0.2,0.07,1,0.7,0.3,0.1660119,0.986,0,0,0,0,0,0.9,0.6,0.7,0.05,pStart0.7,pComplete0.3,pSeek1,pStart0.7_pComplete0.3_pSeek1
25,35,0,6.6,12.8,0.38,0.14,0.01,0.78,0.2,0.07,1,0.75,0.3,0.1660119,0.986,0,0,0,0,0,0.9,0.6,0.7,0.05,pStart0.75,pComplete0.3,pSeek1,pStart0.75_pComplete0.3_pSeek1
25,35,0,6.6,12.8,0.38,0.14,0.01,0.78,0.2,0.07,1,0.8,0.3,0.1660119,0.986,0,0,0,0,0,0.9,0.6,0.7,0.05,pStart0.8,pComplete0.3,pSeek1,pStart0.8_pComplete0.3_pSeek1
25,35,0,6.6,12.8,0.38,0.14,0.01,0.78,0.2,0.07,1,0.85,0.3,0.1660119,0.986,0,0,0,0,0,0.9,0.6,0.7,0.05,pStart0.85,pComplete0.3,pSeek1,pStart0.85_pComplete0.3_pSeek1
25,35,0,6.6,12.8,0.38,0.14,0.01,0.78,0.2,0.07,1,0.9,0.3,0.1660119,0.986,0,0,0,0,0,0.9,0.6,0.7,0.05,pStart0.9,pComplete0.3,pSeek1,pStart0.9_pComplete0.3_pSeek1
25,35,0,6.6,12.8,0.38,0.14,0.01,0.78,0.2,0.07,1,0.95,0.3,0.1660119,0.986,0,0,0,0,0,0.9,0.6,0.7,0.05,pStart0.95,pComplete0.3,pSeek1,pStart0.95_pComplete0.3_pSeek1
25,35,0,6.6,12.8,0.38,0.14,0.01,0.78,0.2,0.07,1,1,0.3,0.1660119,0.986,0,0,0,0,0,0.9,0.6,0.7,0.05,pStart1,pComplete0.3,pSeek1,pStart1_pComplete0.3_pSeek1
25,35,0,6.6,12.8,0.38,0.14,0.01,0.78,0.2,0.07,1,0.6,0.4,0.1660119,0.986,0,0,0,0,0,0.9,0.6,0.7,0.05,pStart0.6,pComplete0.4,pSeek1,pStart0.6_pComplete0.4_pSeek1
25,35,0,6.6,12.8,0.38,0.14,0.01,0.78,0.2,0.07,1,0.65,0.4,0.1660119,0.986,0,0,0,0,0,0.9,0.6,0.7,0.05,pStart0.65,pComplete0.4,pSeek1,pStart0.65_pComplete0.4_pSeek1
25,35,0,6.6,12.8,0.38,0.14,0.01,0.78,0.2,0.07,1,0.7,0.4,0.1660119,0.986,0,0,0,0,0,0.9,0.6,0.7,0.05,pStart0.7,pComplete0.4,pSeek1,pStart0.7_pComplete0.4_pSeek1
25,35,0,6.6,12.8,0.38,0.14,0.01,0.78,0.2,0.07,1,0.75,0.4,0.1660119,0.986,0,0,0,0,0,0.9,0.6,0.7,0.05,pStart0.75,pComplete0.4,pSeek1,pStart0.75_pComplete0.4_pSeek1
25,35,0,6.6,12.8,0.38,0.14,0.01,0.78,0.2,0.07,1,0.8,0.4,0.1660119,0.986,0,0,0,0,0,0.9,0.6,0.7,0.05,pStart0.8,pComplete0.4,pSeek1,pStart0.8_pComplete0.4_pSeek1
25,35,0,6.6,12.8,0.38,0.14,0.01,0.78,0.2,0.07,1,0.85,0.4,0.1660119,0.986,0,0,0,0,0,0.9,0.6,0.7,0.05,pStart0.85,pComplete0.4,pSeek1,pStart0.85_pComplete0.4_pSeek1
25,35,0,6.6,12.8,0.38,0.14,0.01,0.78,0.2,0.07,1,0.9,0.4,0.1660119,0.986,0,0,0,0,0,0.9,0.6,0.7,0.05,pStart0.9,pComplete0.4,pSeek1,pStart0.9_pComplete0.4_pSeek1
25,35,0,6.6,12.8,0.38,0.14,0.01,0.78,0.2,0.07,1,0.95,0.4,0.1660119,0.986,0,0,0,0,0,0.9,0.6,0.7,0.05,pStart0.95,pComplete0.4,pSeek1,pStart0.95_pComplete0.4_pSeek1
25,35,0,6.6,12.8,0.38,0.14,0.01,0.78,0.2,0.07,1,1,0.4,0.1660119,0.986,0,0,0,0,0,0.9,0.6,0.7,0.05,pStart1,pComplete0.4,pSeek1,pStart1_pComplete0.4_pSeek1
25,35,0,6.6,12.8,0.38,0.14,0.01,0.78,0.2,0.07,1,0.6,0.5,0.1660119,0.986,0,0,0,0,0,0.9,0.6,0.7,0.05,pStart0.6,pComplete0.5,pSeek1,pStart0.6_pComplete0.5_pSeek1
25,35,0,6.6,12.8,0.38,0.14,0.01,0.78,0.2,0.07,1,0.65,0.5,0.1660119,0.986,0,0,0,0,0,0.9,0.6,0.7,0.05,pStart0.65,pComplete0.5,pSeek1,pStart0.65_pComplete0.5_pSeek1
25,35,0,6.6,12.8,0.38,0.14,0.01,0.78,0.2,0.07,1,0.7,0.5,0.1660119,0.986,0,0,0,0,0,0.9,0.6,0.7,0.05,pStart0.7,pComplete0.5,pSeek1,pStart0.7_pComplete0.5_pSeek1
25,35,0,6.6,12.8,0.38,0.14,0.01,0.78,0.2,0.07,1,0.75,0.5,0.1660119,0.986,0,0,0,0,0,0.9,0.6,0.7,0.05,pStart0.75,pComplete0.5,pSeek1,pStart0.75_pComplete0.5_pSeek1
25,35,0,6.6,12.8,0.38,0.14,0.01,0.78,0.2,0.07,1,0.8,0.5,0.1660119,0.986,0,0,0,0,0,0.9,0.6,0.7,0.05,pStart0.8,pComplete0.5,pSeek1,pStart0.8_pComplete0.5_pSeek1
25,35,0,6.6,12.8,0.38,0.14,0.01,0.78,0.2,0.07,1,0.85,0.5,0.1660119,0.986,0,0,0,0,0,0.9,0.6,0.7,0.05,pStart0.85,pComplete0.5,pSeek1,pStart0.85_pComplete0.5_pSeek1
25,35,0,6.6,12.8,0.38,0.14,0.01,0.78,0.2,0.07,1,0.9,0.5,0.1660119,0.986,0,0,0,0,0,0.9,0.6,0.7,0.05,pStart0.9,pComplete0.5,pSeek1,pStart0.9_pComplete0.5_pSeek1
25,35,0,6.6,12.8,0.38,0.14,0.01,0.78,0.2,0.07,1,0.95,0.5,0.1660119,0.986,0,0,0,0,0,0.9,0.6,0.7,0.05,pStart0.95,pComplete0.5,pSeek1,pStart0.95_pComplete0.5_pSeek1
25,35,0,6.6,12.8,0.38,0.14,0.01,0.78,0.2,0.07,1,1,0.5,0.1660119,0.986,0,0,0,0,0,0.9,0.6,0.7,0.05,pStart1,pComplete0.5,pSeek1,pStart1_pComplete0.5_pSeek1
25,35,0,6.6,12.8,0.38,0.14,0.01,0.78,0.2,0.07,1,0.6,0.6,0.1660119,0.986,0,0,0,0,0,0.9,0.6,0.7,0.05,pStart0.6,pComplete0.6,pSeek1,pStart0.6_pComplete0.6_pSeek1
25,35,0,6.6,12.8,0.38,0.14,0.01,0.78,0.2,0.07,1,0.65,0.6,0.1660119,0.986,0,0,0,0,0,0.9,0.6,0.7,0.05,pStart0.65,pComplete0.6,pSeek1,pStart0.65_pComplete0.6_pSeek1
25,35,0,6.6,12.8,0.38,0.14,0.01,0.78,0.2,0.07,1,0.7,0.6,0.1660119,0.986,0,0,0,0,0,0.9,0.6,0.7,0.05,pStart0.7,pComplete0.6,pSeek1,pStart0.7_pComplete0.6_pSeek1
25,35,0,6.6,12.8,0.38,0.14,0.01,0.78,0.2,0.07,1,0.75,0.6,0.1660119,0.986,0,0,0,0,0,0.9,0.6,0.7,0.05,pStart0.75,pComplete0.6,pSeek1,pStart0.75_pComplete0.6_pSeek1
25,35,0,6.6,12.8,0.38,0.14,0.01,0.78,0.2,0.07,1,0.8,0.6,0.1660119,0.986,0,0,0,0,0,0.9,0.6,0.7,0.05,pStart0.8,pComplete0.6,pSeek1,pStart0.8_pComplete0.6_pSeek1
25,35,0,6.6,12.8,0.38,0.14,0.01,0.78,0.2,0.07,1,0.85,0.6,0.1660119,0.986,0,0,0,0,0,0.9,0.6,0.7,0.05,pStart0.85,pComplete0.6,pSeek1,pStart0.85_pComplete0.6_pSeek1
25,35,0,6.6,12.8,0.38,0.14,0.01,0.78,0.2,0.07,1,0.9,0.6,0.1660119,0.986,0,0,0,0,0,0.9,0.6,0.7,0.05,pStart0.9,pComplete0.6,pSeek1,pStart0.9_pComplete0.6_pSeek1
25,35,0,6.6,12.8,0.38,0.14,0.01,0.78,0.2,0.07,1,0.95,0.6,0.1660119,0.986,0,0,0,0,0,0.9,0.6,0.7,0.05,pStart0.95,pComplete0.6,pSeek1,pStart0.95_pComplete0.6_pSeek1
25,35,0,6.6,12.8,0.38,0.14,0.01,0.78,0.2,0.07,1,1,0.6,0.1660119,0.986,0,0,0,0,0,0.9,0.6,0.7,0.05,pStart1,pComplete0.6,pSeek1,pStart1_pComplete0.6_pSeek1
25,35,0,6.6,12.8,0.38,0.14,0.01,0.78,0.2,0.07,1,0.6,0.7,0.1660119,0.986,0,0,0,0,0,0.9,0.6,0.7,0.05,pStart0.6,pComplete0.7,pSeek1,pStart0.6_pComplete0.7_pSeek1
25,35,0,6.6,12.8,0.38,0.14,0.01,0.78,0.2,0.07,1,0.65,0.7,0.1660119,0.986,0,0,0,0,0,0.9,0.6,0.7,0.05,pStart0.65,pComplete0.7,pSeek1,pStart0.65_pComplete0.7_pSeek1
25,35,0,6.6,12.8,0.38,0.14,0.01,0.78,0.2,0.07,1,0.7,0.7,0.1660119,0.986,0,0,0,0,0,0.9,0.6,0.7,0.05,pStart0.7,pComplete0.7,pSeek1,pStart0.7_pComplete0.7_pSeek1
25,35,0,6.6,12.8,0.38,0.14,0.01,0.78,0.2,0.07,1,0.75,0.7,0.1660119,0.986,0,0,0,0,0,0.9,0.6,0.7,0.05,pStart0.75,pComplete0.7,pSeek1,pStart0.75_pComplete0.7_pSeek1
25,35,0,6.6,12.8,0.38,0.14,0.01,0.78,0.2,0.07,1,0.8,0.7,0.1660119,0.986,0,0,0,0,0,0.9,0.6,0.7,0.05,pStart0.8,pComplete0.7,pSeek1,pStart0.8_pComplete0.7_pSeek1
25,35,0,6.6,12.8,0.38,0.14,0.01,0.78,0.2,0.07,1,0.85,0.7,0.1660119,0.986,0,0,0,0,0,0.9,0.6,0.7,0.05,pStart0.85,pComplete0.7,pSeek1,pStart0.85_pComplete0.7_pSeek1
25,35,0,6.6,12.8,0.38,0.14,0.01,0.78,0.2,0.07,1,0.9,0.7,0.1660119,0.986,0,0,0,0,0,0.9,0.6,0.7,0.05,pStart0.9,pComplete0.7,pSeek1,pStart0.9_pComplete0.7_pSeek1
25,35,0,6.6,12.8,0.38,0.14,0.01,0.78,0.2,0.07,1,0.95,0.7,0.1660119,0.986,0,0,0,0,0,0.9,0.6,0.7,0.05,pStart0.95,pComplete0.7,pSeek1,pStart0.95_pComplete0.7_pSeek1
25,35,0,6.6,12.8,0.38,0.14,0.01,0.78,0.2,0.07,1,1,0.7,0.1660119,0.986,0,0,0,0,0,0.9,0.6,0.7,0.05,pStart1,pComplete0.7,pSeek1,pStart1_pComplete0.7_pSeek1
25,35,0,6.6,12.8,0.38,0.14,0.01,0.78,0.2,0.07,1,0.6,0.8,0.1660119,0.986,0,0,0,0,0,0.9,0.6,0.7,0.05,pStart0.6,pComplete0.8,pSeek1,pStart0.6_pComplete0.8_pSeek1
25,35,0,6.6,12.8,0.38,0.14,0.01,0.78,0.2,0.07,1,0.65,0.8,0.1660119,0.986,0,0,0,0,0,0.9,0.6,0.7,0.05,pStart0.65,pComplete0.8,pSeek1,pStart0.65_pComplete0.8_pSeek1
25,35,0,6.6,12.8,0.38,0.14,0.01,0.78,0.2,0.07,1,0.7,0.8,0.1660119,0.986,0,0,0,0,0,0.9,0.6,0.7,0.05,pStart0.7,pComplete0.8,pSeek1,pStart0.7_pComplete0.8_pSeek1
25,35,0,6.6,12.8,0.38,0.14,0.01,0.78,0.2,0.07,1,0.75,0.8,0.1660119,0.986,0,0,0,0,0,0.9,0.6,0.7,0.05,pStart0.75,pComplete0.8,pSeek1,pStart0.75_pComplete0.8_pSeek1
25,35,0,6.6,12.8,0.38,0.14,0.01,0.78,0.2,0.07,1,0.8,0.8,0.1660119,0.986,0,0,0,0,0,0.9,0.6,0.7,0.05,pStart0.8,pComplete0.8,pSeek1,pStart0.8_pComplete0.8_pSeek1
25,35,0,6.6,12.8,0.38,0.14,0.01,0.78,0.2,0.07,1,0.85,0.8,0.1660119,0.986,0,0,0,0,0,0.9,0.6,0.7,0.05,pStart0.85,pComplete0.8,pSeek1,pStart0.85_pComplete0.8_pSeek1
25,35,0,6.6,12.8,0.38,0.14,0.01,0.78,0.2,0.07,1,0.9,0.8,0.1660119,0.986,0,0,0,0,0,0.9,0.6,0.7,0.05,pStart0.9,pComplete0.8,pSeek1,pStart0.9_pComplete0.8_pSeek1
25,35,0,6.6,12.8,0.38,0.14,0.01,0.78,0.2,0.07,1,0.95,0.8,0.1660119,0.986,0,0,0,0,0,0.9,0.6,0.7,0.05,pStart0.95,pComplete0.8,pSeek1,pStart0.95_pComplete0.8_pSeek1
25,35,0,6.6,12.8,0.38,0.14,0.01,0.78,0.2,0.07,1,1,0.8,0.1660119,0.986,0,0,0,0,0,0.9,0.6,0.7,0.05,pStart1,pComplete0.8,pSeek1,pStart1_pComplete0.8_pSeek1
25,35,0,6.6,12.8,0.38,0.14,0.01,0.78,0.2,0.07,1,0.6,0.9,0.1660119,0.986,0,0,0,0,0,0.9,0.6,0.7,0.05,pStart0.6,pComplete0.9,pSeek1,pStart0.6_pComplete0.9_pSeek1
25,35,0,6.6,12.8,0.38,0.14,0.01,0.78,0.2,0.07,1,0.65,0.9,0.1660119,0.986,0,0,0,0,0,0.9,0.6,0.7,0.05,pStart0.65,pComplete0.9,pSeek1,pStart0.65_pComplete0.9_pSeek1
25,35,0,6.6,12.8,0.38,0.14,0.01,0.78,0.2,0.07,1,0.7,0.9,0.1660119,0.986,0,0,0,0,0,0.9,0.6,0.7,0.05,pStart0.7,pComplete0.9,pSeek1,pStart0.7_pComplete0.9_pSeek1
25,35,0,6.6,12.8,0.38,0.14,0.01,0.78,0.2,0.07,1,0.75,0.9,0.1660119,0.986,0,0,0,0,0,0.9,0.6,0.7,0.05,pStart0.75,pComplete0.9,pSeek1,pStart0.75_pComplete0.9_pSeek1
25,35,0,6.6,12.8,0.38,0.14,0.01,0.78,0.2,0.07,1,0.8,0.9,0.1660119,0.986,0,0,0,0,0,0.9,0.6,0.7,0.05,pStart0.8,pComplete0.9,pSeek1,pStart0.8_pComplete0.9_pSeek1
25,35,0,6.6,12.8,0.38,0.14,0.01,0.78,0.2,0.07,1,0.85,0.9,0.1660119,0.986,0,0,0,0,0,0.9,0.6,0.7,0.05,pStart0.85,pComplete0.9,pSeek1,pStart0.85_pComplete0.9_pSeek1
25,35,0,6.6,12.8,0.38,0.14,0.01,0.78,0.2,0.07,1,0.9,0.9,0.1660119,0.986,0,0,0,0,0,0.9,0.6,0.7,0.05,pStart0.9,pComplete0.9,pSeek1,pStart0.9_pComplete0.9_pSeek1
25,35,0,6.6,12.8,0.38,0.14,0.01,0.78,0.2,0.07,1,0.95,0.9,0.1660119,0.986,0,0,0,0,0,0.9,0.6,0.7,0.05,pStart0.95,pComplete0.9,pSeek1,pStart0.95_pComplete0.9_pSeek1
25,35,0,6.6,12.8,0.38,0.14,0.01,0.78,0.2,0.07,1,1,0.9,0.1660119,0.986,0,0,0,0,0,0.9,0.6,0.7,0.05,pStart1,pComplete0.9,pSeek1,pStart1_pComplete0.9_pSeek1
25,35,0,6.6,12.8,0.38,0.14,0.01,0.78,0.2,0.07,1,0.6,1,0.1660119,0.986,0,0,0,0,0,0.9,0.6,0.7,0.05,pStart0.6,pComplete1,pSeek1,pStart0.6_pComplete1_pSeek1
25,35,0,6.6,12.8,0.38,0.14,0.01,0.78,0.2,0.07,1,0.65,1,0.1660119,0.986,0,0,0,0,0,0.9,0.6,0.7,0.05,pStart0.65,pComplete1,pSeek1,pStart0.65_pComplete1_pSeek1
25,35,0,6.6,12.8,0.38,0.14,0.01,0.78,0.2,0.07,1,0.7,1,0.1660119,0.986,0,0,0,0,0,0.9,0.6,0.7,0.05,pStart0.7,pComplete1,pSeek1,pStart0.7_pComplete1_pSeek1
25,35,0,6.6,12.8,0.38,0.14,0.01,0.78,0.2,0.07,1,0.75,1,0.1660119,0.986,0,0,0,0,0,0.9,0.6,0.7,0.05,pStart0.75,pComplete1,pSeek1,pStart0.75_pComplete1_pSeek1
25,35,0,6.6,12.8,0.38,0.14,0.01,0.78,0.2,0.07,1,0.8,1,0.1660119,0.986,0,0,0,0,0,0.9,0.6,0.7,0.05,pStart0.8,pComplete1,pSeek1,pStart0.8_pComplete1_pSeek1
25,35,0,6.6,12.8,0.38,0.14,0.01,0.78,0.2,0.07,1,0.85,1,0.1660119,0.986,0,0,0,0,0,0.9,0.6,0.7,0.05,pStart0.85,pComplete1,pSeek1,pStart0.85_pComplete1_pSeek1
25,35,0,6.6,12.8,0.38,0.14,0.01,0.78,0.2,0.07,1,0.9,1,0.1660119,0.986,0,0,0,0,0,0.9,0.6,0.7,0.05,pStart0.9,pComplete1,pSeek1,pStart0.9_pComplete1_pSeek1
25,35,0,6.6,12.8,0.38,0.14,0.01,0.78,0.2,0.07,1,0.95,1,0.1660119,0.986,0,0,0,0,0,0.9,0.6,0.7,0.05,pStart0.95,pComplete1,pSeek1,pStart0.95_pComplete1_pSeek1
25,35,0,6.6,12.8,0.38,0.14,0.01,0.78,0.2,0.07,1,1,1,0.1660119,0.986,0,0,0,0,0,0.9,0.6,0.7,0.05,pStart1,pComplete1,pSeek1,pStart1_pComplete1_pSeek1