HDR1,HDR2,discount,LR_range1,LR_range2,mu,k,pBite_healthy,pSeek_healthy,pStart_healthy,pComplete_healthy,pSeek_exposure,pStart_exposure,pComplete_exposure,pDeath,pPrevent,full_cost,partial_cost,vaccinate_dog_cost1,vaccinate_dog_cost2,target_vax_cov,pInvestigate,pFound,pTestable,pFalseNeg,scenario1,scenario2,scenario
2,4,0,6.6,12.8,0.38,0.14,0.01,0.78,0.2,0.07,0.7,0.79,0.473,0.1660119,0.986,0,0,0,0,0,0.9,0.6,0.7,0.05,mdv0,hdr4,mdv0_hdr4
2,4,0.03,6.6,12.8,0.38,0.14,0.01,0.78,0.2,0.07,0.7,0.79,0.473,0.1660119,0.986,0,0,1,2,0.1,0.9,0.6,0.7,0.05,mdv10,hdr4,mdv10_hdr4
2,4,0.03,6.6,12.8,0.38,0.14,0.01,0.78,0.2,0.07,0.7,0.79,0.473,0.1660119,0.986,0,0,1,2,0.2,0.9,0.6,0.7,0.05,mdv20,hdr4,mdv20_hdr4
2,4,0.03,6.6,12.8,0.38,0.14,0.01,0.78,0.2,0.07,0.7,0.79,0.473,0.1660119,0.986,0,0,1,2,0.3,0.9,0.6,0.7,0.05,mdv30,hdr4,mdv30_hdr4
2,4,0.03,6.6,12.8,0.38,0.14,0.01,0.78,0.2,0.07,0.7,0.79,0.473,0.1660119,0.986,0,0,1,2,0.4,0.9,0.6,0.7,0.05,mdv40,hdr4,mdv40_hdr4
2,4,0.03,6.6,12.8,0.38,0.14,0.01,0.78,0.2,0.07,0.7,0.79,0.473,0.1660119,0.986,0,0,1,2,0.5,0.9,0.6,0.7,0.05,mdv50,hdr4,mdv50_hdr4
2,4,0.03,6.6,12.8,0.38,0.14,0.01,0.78,0.2,0.07,0.7,0.79,0.473,0.1660119,0.986,0,0,1,2,0.6,0.9,0.6,0.7,0.05,mdv60,hdr4,mdv60_hdr4
2,4,0.03,6.6,12.8,0.38,0.14,0.01,0.78,0.2,0.07,0.7,0.79,0.473,0.1660119,0.986,0,0,1,2,0.7,0.9,0.6,0.7,0.05,mdv70,hdr4,mdv70_hdr4
2,4,0.03,6.6,12.8,0.38,0.14,0.01,0.78,0.2,0.07,0.7,0.79,0.473,0.1660119,0.986,0,0,1,2,0.8,0.9,0.6,0.7,0.05,mdv80,hdr4,mdv80_hdr4
2,4,0.03,6.6,12.8,0.38,0.14,0.01,0.78,0.2,0.07,0.7,0.79,0.473,0.1660119,0.986,0,0,1,2,0.9,0.9,0.6,0.7,0.05,mdv90,hdr4,mdv90_hdr4
2,4,0.03,6.6,12.8,0.38,0.14,0.01,0.78,0.2,0.07,0.7,0.79,0.473,0.1660119,0.986,0,0,1,2,1,0.9,0.6,0.7,0.05,mdv100,hdr4,mdv100_hdr4
4.1,8,0,6.6,12.8,0.38,0.14,0.01,0.78,0.2,0.07,0.7,0.79,0.473,0.1660119,0.986,0,0,0,0,0,0.9,0.6,0.7,0.05,mdv0,hdr8,mdv0_hdr8
4.1,8,0.03,6.6,12.8,0.38,0.14,0.01,0.78,0.2,0.07,0.7,0.79,0.473,0.1660119,0.986,0,0,1,2,0.1,0.9,0.6,0.7,0.05,mdv10,hdr8,mdv10_hdr8
4.1,8,0.03,6.6,12.8,0.38,0.14,0.01,0.78,0.2,0.07,0.7,0.79,0.473,0.1660119,0.986,0,0,1,2,0.2,0.9,0.6,0.7,0.05,mdv20,hdr8,mdv20_hdr8
4.1,8,0.03,6.6,12.8,0.38,0.14,0.01,0.78,0.2,0.07,0.7,0.79,0.473,0.1660119,0.986,0,0,1,2,0.3,0.9,0.6,0.7,0.05,mdv30,hdr8,mdv30_hdr8
4.1,8,0.03,6.6,12.8,0.38,0.14,0.01,0.78,0.2,0.07,0.7,0.79,0.473,0.1660119,0.986,0,0,1,2,0.4,0.9,0.6,0.7,0.05,mdv40,hdr8,mdv40_hdr8
4.1,8,0.03,6.6,12.8,0.38,0.14,0.01,0.78,0.2,0.07,0.7,0.79,0.473,0.1660119,0.986,0,0,1,2,0.5,0.9,0.6,0.7,0.05,mdv50,hdr8,mdv50_hdr8
4.1,8,0.03,6.6,12.8,0.38,0.14,0.01,0.78,0.2,0.07,0.7,0.79,0.473,0.1660119,0.986,0,0,1,2,0.6,0.9,0.6,0.7,0.05,mdv60,hdr8,mdv60_hdr8
4.1,8,0.03,6.6,12.8,0.38,0.14,0.01,0.78,0.2,0.07,0.7,0.79,0.473,0.1660119,0.986,0,0,1,2,0.7,0.9,0.6,0.7,0.05,mdv70,hdr8,mdv70_hdr8
4.1,8,0.03,6.6,12.8,0.38,0.14,0.01,0.78,0.2,0.07,0.7,0.79,0.473,0.1660119,0.986,0,0,1,2,0.8,0.9,0.6,0.7,0.05,mdv80,hdr8,mdv80_hdr8
4.1,8,0.03,6.6,12.8,0.38,0.14,0.01,0.78,0.2,0.07,0.7,0.79,0.473,0.1660119,0.986,0,0,1,2,0.9,0.9,0.6,0.7,0.05,mdv90,hdr8,mdv90_hdr8
4.1,8,0.03,6.6,12.8,0.38,0.14,0.01,0.78,0.2,0.07,0.7,0.79,0.473,0.1660119,0.986,0,0,1,2,1,0.9,0.6,0.7,0.05,mdv100,hdr8,mdv100_hdr8
8.1,16,0,6.6,12.8,0.38,0.14,0.01,0.78,0.2,0.07,0.7,0.79,0.473,0.1660119,0.986,0,0,0,0,0,0.9,0.6,0.7,0.05,mdv0,hdr16,mdv0_hdr16
8.1,16,0.03,6.6,12.8,0.38,0.14,0.01,0.78,0.2,0.07,0.7,0.79,0.473,0.1660119,0.986,0,0,1,2,0.1,0.9,0.6,0.7,0.05,mdv10,hdr16,mdv10_hdr16
8.1,16,0.03,6.6,12.8,0.38,0.14,0.01,0.78,0.2,0.07,0.7,0.79,0.473,0.1660119,0.986,0,0,1,2,0.2,0.9,0.6,0.7,0.05,mdv20,hdr16,mdv20_hdr16
8.1,16,0.03,6.6,12.8,0.38,0.14,0.01,0.78,0.2,0.07,0.7,0.79,0.473,0.1660119,0.986,0,0,1,2,0.3,0.9,0.6,0.7,0.05,mdv30,hdr16,mdv30_hdr16
8.1,16,0.03,6.6,12.8,0.38,0.14,0.01,0.78,0.2,0.07,0.7,0.79,0.473,0.1660119,0.986,0,0,1,2,0.4,0.9,0.6,0.7,0.05,mdv40,hdr16,mdv40_hdr16
8.1,16,0.03,6.6,12.8,0.38,0.14,0.01,0.78,0.2,0.07,0.7,0.79,0.473,0.1660119,0.986,0,0,1,2,0.5,0.9,0.6,0.7,0.05,mdv50,hdr16,mdv50_hdr16
8.1,16,0.03,6.6,12.8,0.38,0.14,0.01,0.78,0.2,0.07,0.7,0.79,0.473,0.1660119,0.986,0,0,1,2,0.6,0.9,0.6,0.7,0.05,mdv60,hdr16,mdv60_hdr16
8.1,16,0.03,6.6,12.8,0.38,0.14,0.01,0.78,0.2,0.07,0.7,0.79,0.473,0.1660119,0.986,0,0,1,2,0.7,0.9,0.6,0.7,0.05,mdv70,hdr16,mdv70_hdr16
8.1,16,0.03,6.6,12.8,0.38,0.14,0.01,0.78,0.2,0.07,0.7,0.79,0.473,0.1660119,0.986,0,0,1,2,0.8,0.9,0.6,0.7,0.05,mdv80,hdr16,mdv80_hdr16
8.1,16,0.03,6.6,12.8,0.38,0.14,0.01,0.78,0.2,0.07,0.7,0.79,0.473,0.1660119,0.986,0,0,1,2,0.9,0.9,0.6,0.7,0.05,mdv90,hdr16,mdv90_hdr16
8.1,16,0.03,6.6,12.8,0.38,0.14,0.01,0.78,0.2,0.07,0.7,0.79,0.473,0.1660119,0.986,0,0,1,2,1,0.9,0.6,0.7,0.05,mdv100,hdr16,mdv100_hdr16
16.1,32,0,6.6,12.8,0.38,0.14,0.01,0.78,0.2,0.07,0.7,0.79,0.473,0.1660119,0.986,0,0,0,0,0,0.9,0.6,0.7,0.05,mdv0,hdr32,mdv0_hdr32
16.1,32,0.03,6.6,12.8,0.38,0.14,0.01,0.78,0.2,0.07,0.7,0.79,0.473,0.1660119,0.986,0,0,1,2,0.1,0.9,0.6,0.7,0.05,mdv10,hdr32,mdv10_hdr32
16.1,32,0.03,6.6,12.8,0.38,0.14,0.01,0.78,0.2,0.07,0.7,0.79,0.473,0.1660119,0.986,0,0,1,2,0.2,0.9,0.6,0.7,0.05,mdv20,hdr32,mdv20_hdr32
16.1,32,0.03,6.6,12.8,0.38,0.14,0.01,0.78,0.2,0.07,0.7,0.79,0.473,0.1660119,0.986,0,0,1,2,0.3,0.9,0.6,0.7,0.05,mdv30,hdr32,mdv30_hdr32
16.1,32,0.03,6.6,12.8,0.38,0.14,0.01,0.78,0.2,0.07,0.7,0.79,0.473,0.1660119,0.986,0,0,1,2,0.4,0.9,0.6,0.7,0.05,mdv40,hdr32,mdv40_hdr32
16.1,32,0.03,6.6,12.8,0.38,0.14,0.01,0.78,0.2,0.07,0.7,0.79,0.473,0.1660119,0.986,0,0,1,2,0.5,0.9,0.6,0.7,0.05,mdv50,hdr32,mdv50_hdr32
16.1,32,0.03,6.6,12.8,0.38,0.14,0.01,0.78,0.2,0.07,0.7,0.79,0.473,0.1660119,0.986,0,0,1,2,0.6,0.9,0.6,0.7,0.05,mdv60,hdr32,mdv60_hdr32
16.1,32,0.03,6.6,12.8,0.38,0.14,0.01,0.78,0.2,0.07,0.7,0.79,0.473,0.1660119,0.986,0,0,1,2,0.7,0.9,0.6,0.7,0.05,mdv70,hdr32,mdv70_hdr32
16.1,32,0.03,6.6,12.8,0.38,0.14,0.01,0.78,0.2,0.07,0.7,0.79,0.473,0.1660119,0.986,0,0,1,2,0.8,0.9,0.6,0.7,0.05,mdv80,hdr32,mdv80_hdr32
16.1,32,0.03,6.6,12.8,0.38,0.14,0.01,0.78,0.2,0.07,0.7,0.79,0.473,0.1660119,0.986,0,0,1,2,0.9,0.9,0.6,0.7,0.05,mdv90,hdr32,mdv90_hdr32
16.1,32,0.03,6.6,12.8,0.38,0.14,0.01,0.78,0.2,0.07,0.7,0.79,0.473,0.1660119,0.986,0,0,1,2,1,0.9,0.6,0.7,0.05,mdv100,hdr32,mdv100_hdr32
32.1,64,0,6.6,12.8,0.38,0.14,0.01,0.78,0.2,0.07,0.7,0.79,0.473,0.1660119,0.986,0,0,0,0,0,0.9,0.6,0.7,0.05,mdv0,hdr64,mdv0_hdr64
32.1,64,0.03,6.6,12.8,0.38,0.14,0.01,0.78,0.2,0.07,0.7,0.79,0.473,0.1660119,0.986,0,0,1,2,0.1,0.9,0.6,0.7,0.05,mdv10,hdr64,mdv10_hdr64
32.1,64,0.03,6.6,12.8,0.38,0.14,0.01,0.78,0.2,0.07,0.7,0.79,0.473,0.1660119,0.986,0,0,1,2,0.2,0.9,0.6,0.7,0.05,mdv20,hdr64,mdv20_hdr64
32.1,64,0.03,6.6,12.8,0.38,0.14,0.01,0.78,0.2,0.07,0.7,0.79,0.473,0.1660119,0.986,0,0,1,2,0.3,0.9,0.6,0.7,0.05,mdv30,hdr64,mdv30_hdr64
32.1,64,0.03,6.6,12.8,0.38,0.14,0.01,0.78,0.2,0.07,0.7,0.79,0.473,0.1660119,0.986,0,0,1,2,0.4,0.9,0.6,0.7,0.05,mdv40,hdr64,mdv40_hdr64
32.1,64,0.03,6.6,12.8,0.38,0.14,0.01,0.78,0.2,0.07,0.7,0.79,0.473,0.1660119,0.986,0,0,1,2,0.5,0.9,0.6,0.7,0.05,mdv50,hdr64,mdv50_hdr64
32.1,64,0.03,6.6,12.8,0.38,0.14,0.01,0.78,0.2,0.07,0.7,0.79,0.473,0.1660119,0.986,0,0,1,2,0.6,0.9,0.6,0.7,0.05,mdv60,hdr64,mdv60_hdr64
32.1,64,0.03,6.6,12.8,0.38,0.14,0.01,0.78,0.2,0.07,0.7,0.79,0.473,0.1660119,0.986,0,0,1,2,0.7,0.9,0.6,0.7,0.05,mdv70,hdr64,mdv70_hdr64
32.1,64,0.03,6.6,12.8,0.38,0.14,0.01,0.78,0.2,0.07,0.7,0.79,0.473,0.1660119,0.986,0,0,1,2,0.8,0.9,0.6,0.7,0.05,mdv80,hdr64,mdv80_hdr64
32.1,64,0.03,6.6,12.8,0.38,0.14,0.01,0.78,0.2,0.07,0.7,0.79,0.473,0.1660119,0.986,0,0,1,2,0.9,0.9,0.6,0.7,0.05,mdv90,hdr64,mdv90_hdr64
32.1,64,0.03,6.6,12.8,0.38,0.14,0.01,0.78,0.2,0.07,0.7,0.79,0.473,0.1660119,0.986,0,0,1,2,1,0.9,0.6,0.7,0.05,mdv100,hdr64,mdv100_hdr64
64.1,128,0,6.6,12.8,0.38,0.14,0.01,0.78,0.2,0.07,0.7,0.79,0.473,0.1660119,0.986,0,0,0,0,0,0.9,0.6,0.7,0.05,mdv0,hdr128,mdv0_hdr128
64.1,128,0.03,6.6,12.8,0.38,0.14,0.01,0.78,0.2,0.07,0.7,0.79,0.473,0.1660119,0.986,0,0,1,2,0.1,0.9,0.6,0.7,0.05,mdv10,hdr128,mdv10_hdr128
64.1,128,0.03,6.6,12.8,0.38,0.14,0.01,0.78,0.2,0.07,0.7,0.79,0.473,0.1660119,0.986,0,0,1,2,0.2,0.9,0.6,0.7,0.05,mdv20,hdr128,mdv20_hdr128
64.1,128,0.03,6.6,12.8,0.38,0.14,0.01,0.78,0.2,0.07,0.7,0.79,0.473,0.1660119,0.986,0,0,1,2,0.3,0.9,0.6,0.7,0.05,mdv30,hdr128,mdv30_hdr128
64.1,128,0.03,6.6,12.8,0.38,0.14,0.01,0.78,0.2,0.07,0.7,0.79,0.473,0.1660119,0.986,0,0,1,2,0.4,0.9,0.6,0.7,0.05,mdv40,hdr128,mdv40_hdr128
64.1,128,0.03,6.6,12.8,0.38,0.14,0.01,0.78,0.2,0.07,0.7,0.79,0.473,0.1660119,0.986,0,0,1,2,0.5,0.9,0.6,0.7,0.05,mdv50,hdr128,mdv50_hdr128
64.1,128,0.03,6.6,12.8,0.38,0.14,0.01,0.78,0.2,0.07,0.7,0.79,0.473,0.1660119,0.986,0,0,1,2,0.6,0.9,0.6,0.7,0.05,mdv60,hdr128,mdv60_hdr128
64.1,128,0.03,6.6,12.8,0.38,0.14,0.01,0.78,0.2,0.07,0.7,0.79,0.473,0.1660119,0.986,0,0,1,2,0.7,0.9,0.6,0.7,0.05,mdv70,hdr128,mdv70_hdr128
64.1,128,0.03,6.6,12.8,0.38,0.14,0.01,0.78,0.2,0.07,0.7,0.79,0.473,0.1660119,0.986,0,0,1,2,0.8,0.9,0.6,0.7,0.05,mdv80,hdr128,mdv80_hdr128
64.1,128,0.03,6.6,12.8,0.38,0.14,0.01,0.78,0.2,0.07,0.7,0.79,0.473,0.1660119,0.986,0,0,1,2,0.9,0.9,0.6,0.7,0.05,mdv90,hdr128,mdv90_hdr128
64.1,128,0.03,6.6,12.8,0.38,0.14,0.01,0.78,0.2,0.07,0.7,0.79,0.473,0.1660119,0.986,0,0,1,2,1,0.9,0.6,0.7,0.05,mdv100,hdr128,mdv100_hdr128