HDR1,HDR2,discount,LR_range1,LR_range2,mu,k,pBite_healthy,pSeek_healthy,pStart_healthy,pComplete_healthy,pSeek_exposure,pStart_exposure,pComplete_exposure,pDeath,pPrevent,full_cost,partial_cost,vaccinate_dog_cost1,vaccinate_dog_cost2,target_vax_cov,pInvestigate,pFound,pTestable,pFalseNeg,scenario
25,35,0,6.6,12.8,0.38,0.14,0.01,0.78,0.2,0.07,0.7,0.79,0.473,0.1660119,0.986,0,0,0,0,0,0.9,0.6,0.7,0.05,mdv0
25,35,0.03,6.6,12.8,0.38,0.14,0.01,0.78,0.2,0.07,0.7,0.79,0.473,0.1660119,0.986,0,0,1,2,0.1,0.9,0.6,0.7,0.05,mdv10
25,35,0.03,6.6,12.8,0.38,0.14,0.01,0.78,0.2,0.07,0.7,0.79,0.473,0.1660119,0.986,0,0,1,2,0.2,0.9,0.6,0.7,0.05,mdv20
25,35,0.03,6.6,12.8,0.38,0.14,0.01,0.78,0.2,0.07,0.7,0.79,0.473,0.1660119,0.986,0,0,1,2,0.3,0.9,0.6,0.7,0.05,mdv30
25,35,0.03,6.6,12.8,0.38,0.14,0.01,0.78,0.2,0.07,0.7,0.79,0.473,0.1660119,0.986,0,0,1,2,0.4,0.9,0.6,0.7,0.05,mdv40
25,35,0.03,6.6,12.8,0.38,0.14,0.01,0.78,0.2,0.07,0.7,0.79,0.473,0.1660119,0.986,0,0,1,2,0.5,0.9,0.6,0.7,0.05,mdv50
25,35,0.03,6.6,12.8,0.38,0.14,0.01,0.78,0.2,0.07,0.7,0.79,0.473,0.1660119,0.986,0,0,1,2,0.6,0.9,0.6,0.7,0.05,mdv60
25,35,0.03,6.6,12.8,0.38,0.14,0.01,0.78,0.2,0.07,0.7,0.79,0.473,0.1660119,0.986,0,0,1,2,0.7,0.9,0.6,0.7,0.05,mdv70
25,35,0.03,6.6,12.8,0.38,0.14,0.01,0.78,0.2,0.07,0.7,0.79,0.473,0.1660119,0.986,0,0,1,2,0.8,0.9,0.6,0.7,0.05,mdv80
25,35,0.03,6.6,12.8,0.38,0.14,0.01,0.78,0.2,0.07,0.7,0.79,0.473,0.1660119,0.986,0,0,1,2,0.9,0.9,0.6,0.7,0.05,mdv90
25,35,0.03,6.6,12.8,0.38,0.14,0.01,0.78,0.2,0.07,0.7,0.79,0.473,0.1660119,0.986,0,0,1,2,1,0.9,0.6,0.7,0.05,mdv100