"","scenario","LL","Median","UL","country","year"
"1","Burkina_Faso_2024",2138.25,3542.5,6729.1,"Burkina Faso",2024
"2","Burkina_Faso_2025",2611.05,5434,9308.1,"Burkina Faso",2025
"3","Burkina_Faso_2026",2721.075,5662.5,10193.675,"Burkina Faso",2026
"4","Burkina_Faso_2027",2852.525,5336,10826.825,"Burkina Faso",2027
"5","Burkina_Faso_2028",2955.85,5592,11618.15,"Burkina Faso",2028
"6","Burkina_Faso_2029",3216.85,6650.5,12969.9,"Burkina Faso",2029
"7","Burkina_Faso_2030",3260.35,6742,12756.825,"Burkina Faso",2030
"8","Cameroon_2024",2563.825,5044,9047.125,"Cameroon",2024
"9","Cameroon_2025",3144.775,6746,12043.725,"Cameroon",2025
"10","Cameroon_2026",3367.15,7295,12895.95,"Cameroon",2026
"11","Cameroon_2027",3422.7,6973,13686.475,"Cameroon",2027
"12","Cameroon_2028",3543.925,7319,15297.05,"Cameroon",2028
"13","Cameroon_2029",3757.85,8122,15638.75,"Cameroon",2029
"14","Cameroon_2030",3922.4,8607.5,16741.35,"Cameroon",2030
"15","Cote_d'Ivoire_2024",2403.675,4490.5,7694.85,"Cote d'Ivoire",2024
"16","Cote_d'Ivoire_2025",2962.65,5611.5,9877.05,"Cote d'Ivoire",2025
"17","Cote_d'Ivoire_2026",2998.125,5956,10931.4,"Cote d'Ivoire",2026
"18","Cote_d'Ivoire_2027",3240.5,6710,11925.425,"Cote d'Ivoire",2027
"19","Cote_d'Ivoire_2028",3273,6395.5,12837.475,"Cote d'Ivoire",2028
"20","Cote_d'Ivoire_2029",3561.225,7802.5,13531.35,"Cote d'Ivoire",2029
"21","Cote_d'Ivoire_2030",3758.375,7823,14787.1,"Cote d'Ivoire",2030
"22","Ethiopia_2024",13375.55,25837.5,49271.675,"Ethiopia",2024
"23","Ethiopia_2025",16188.25,32070.5,65204.75,"Ethiopia",2025
"24","Ethiopia_2026",16916.475,33572.5,71759.45,"Ethiopia",2026
"25","Ethiopia_2027",17377.925,35991,73218.6,"Ethiopia",2027
"26","Ethiopia_2028",18956.325,38481.5,81472.275,"Ethiopia",2028
"27","Ethiopia_2029",18721.65,37434.5,88530.55,"Ethiopia",2029
"28","Ethiopia_2030",21243,49491.5,93194.75,"Ethiopia",2030
"29","Ghana_2024",3671.45,8150.5,15534.925,"Ghana",2024
"30","Ghana_2025",3874.675,9637,17642.925,"Ghana",2025
"31","Ghana_2026",4126.875,8396,17897.35,"Ghana",2026
"32","Ghana_2027",4124.65,9309,20103.65,"Ghana",2027
"33","Ghana_2028",4516.05,10120.5,20857.675,"Ghana",2028
"34","Ghana_2029",4503.85,10208,23615.125,"Ghana",2029
"35","Ghana_2030",4787.325,12273,23827.4,"Ghana",2030
"36","Kenya_2024",5954.425,12504.5,23821.375,"Kenya",2024
"37","Kenya_2025",7393.625,15651.5,29459.7,"Kenya",2025
"38","Kenya_2026",7550.225,15708,32987.275,"Kenya",2026
"39","Kenya_2027",8192.55,18331,36929.9,"Kenya",2027
"40","Kenya_2028",8312.225,20053.5,40075.25,"Kenya",2028
"41","Kenya_2029",8622.875,19726,40084.625,"Kenya",2029
"42","Kenya_2030",8991.8,21001.5,43251.125,"Kenya",2030
"43","Lao_PDR_2024",753.075,1558,3042.075,"Lao PDR",2024
"44","Lao_PDR_2025",904.225,1743,3731.975,"Lao PDR",2025
"45","Lao_PDR_2026",930.7,2214.5,4018.3,"Lao PDR",2026
"46","Lao_PDR_2027",969.35,2278.5,4486.025,"Lao PDR",2027
"47","Lao_PDR_2028",993.75,2048,4416.75,"Lao PDR",2028
"48","Lao_PDR_2029",1007.6,2127.5,4887.925,"Lao PDR",2029
"49","Lao_PDR_2030",1085.5,2492,4830.2,"Lao PDR",2030
"50","Madagascar_2024",1476.6,2948,5969.925,"Madagascar",2024
"51","Madagascar_2025",1522.925,3269,6187.475,"Madagascar",2025
"52","Madagascar_2026",1566,3290,6905.5,"Madagascar",2026
"53","Madagascar_2027",1674.325,3498,7262.975,"Madagascar",2027
"54","Madagascar_2028",1767.525,3490,7604.15,"Madagascar",2028
"55","Madagascar_2029",1855.6,3823,8523.45,"Madagascar",2029
"56","Madagascar_2030",1951,4303.5,10026.125,"Madagascar",2030
"57","Malawi_2024",2468.625,4830,9329.275,"Malawi",2024
"58","Malawi_2025",3096.175,6345,12644.375,"Malawi",2025
"59","Malawi_2026",3242.525,7433,13926.625,"Malawi",2026
"60","Malawi_2027",3247.325,6730,14870.75,"Malawi",2027
"61","Malawi_2028",3496.6,7879,16002.275,"Malawi",2028
"62","Malawi_2029",3610.525,7744,17428.35,"Malawi",2029
"63","Malawi_2030",3837.65,8814,18328.15,"Malawi",2030
"64","Mali_2024",1971.7,3358.5,6446.1,"Mali",2024
"65","Mali_2025",2428.275,4874.5,8368.225,"Mali",2025
"66","Mali_2026",2582.8,4971.5,9256.5,"Mali",2026
"67","Mali_2027",2643.45,5375.5,10109.55,"Mali",2027
"68","Mali_2028",2845.55,5551,10410.5,"Mali",2028
"69","Mali_2029",2929.05,5667.5,11721.975,"Mali",2029
"70","Mali_2030",3116.575,6638.5,12702.2,"Mali",2030
"71","Nigeria_2024",13189.7,22574,37492.525,"Nigeria",2024
"72","Nigeria_2025",13721.425,23694.5,41631.45,"Nigeria",2025
"73","Nigeria_2026",14446.275,24249,43667.575,"Nigeria",2026
"74","Nigeria_2027",14884.7,25843.5,49247.475,"Nigeria",2027
"75","Nigeria_2028",16400.425,33654.5,54115.175,"Nigeria",2028
"76","Nigeria_2029",17181.225,33477,57522.1,"Nigeria",2029
"77","Nigeria_2030",17797.3,32950.5,62616.375,"Nigeria",2030
"78","Pakistan_2024",20029.85,43653.5,80287.575,"Pakistan",2024
"79","Pakistan_2025",20970.675,46853.5,88915.075,"Pakistan",2025
"80","Pakistan_2026",21133.975,44554,93096.275,"Pakistan",2026
"81","Pakistan_2027",23101.925,53050.5,99525.1,"Pakistan",2027
"82","Pakistan_2028",23453.1,57055,110322.225,"Pakistan",2028
"83","Pakistan_2029",24466.725,53290.5,112945.7,"Pakistan",2029
"84","Pakistan_2030",26019.3,57309.5,122701.25,"Pakistan",2030
"85","Senegal_2024",1633.225,2910.5,5945.425,"Senegal",2024
"86","Senegal_2025",2056.825,4074.5,7642.65,"Senegal",2025
"87","Senegal_2026",2097.7,3929,8051.7,"Senegal",2026
"88","Senegal_2027",2273.4,4432.5,8836.425,"Senegal",2027
"89","Senegal_2028",2320.05,5252,9927.85,"Senegal",2028
"90","Senegal_2029",2505.925,5370.5,10797.25,"Senegal",2029
"91","Senegal_2030",2620.75,5833,11542.525,"Senegal",2030
"92","Tanzania_2024",2831.75,5294.5,9376.85,"Tanzania",2024
"93","Tanzania_2025",3506.45,7130.5,12168.1,"Tanzania",2025
"94","Tanzania_2026",3669.375,7908.5,13178.075,"Tanzania",2026
"95","Tanzania_2027",3965.9,8423.5,14764.75,"Tanzania",2027
"96","Tanzania_2028",4035.15,8603,15815.15,"Tanzania",2028
"97","Tanzania_2029",4217.825,8117,16263.6,"Tanzania",2029
"98","Tanzania_2030",4504.175,9766.5,18115.25,"Tanzania",2030
"99","Zambia_2024",1532.5,2922.5,5141.95,"Zambia",2024
"100","Zambia_2025",1832.425,3662.5,6652.55,"Zambia",2025
"101","Zambia_2026",1963.175,3828.5,7187.625,"Zambia",2026
"102","Zambia_2027",2078.525,3877,7927.075,"Zambia",2027
"103","Zambia_2028",2189.025,4573,8530.275,"Zambia",2028
"104","Zambia_2029",2292.25,4689.5,9512.475,"Zambia",2029
"105","Zambia_2030",2517.375,5254.5,10306.05,"Zambia",2030
