country,Administrative_unit,Notes,HDR1,HDR2,pop,unowned_prop,bpi_per100k,pStart_healthy,pCompliance_healthy,pSeek_exposure,pStart_exposure,pCompliance_exp,vaccinate_owned_dog_cost1,vaccinate_owned_dog_cost2,vaccinate_unowned_dog_cost1,vaccinate_unowned_dog_cost2,base_vax_cov_owned,target_vax_cov_owned,base_vax_cov_unowned,target_vax_cov_unowned,RIG_cov,PEP_vials_per_pt,human_vaccine_cost_per_vial,RIG_cost,ibcm,pInvestigate,pFound,pTestable,pFS,dogs_per_reactive_vax,max_pSeek_exposure,max_pCompliance_exp,min_pCompliance_healthy,max_dog_vax_cov,max_reactive_vaccinations,reactive_vax_cost_per_dog,investigation_cost_per_dog,dog_test_cost_per_dog,scenario,free_pep,rig_avail
India,KeralaState,Use your paper :D ,15,16,"35,000,000",0.63,1530,0.9684211,0.9654,0.95,0.9684211,0.9654,0.5,1,4,5,0.5,0.5,0.03,0.03,0.38,0.66,5,12,no,0.7,0.7,1,0.05,20,0.97,0.99,0.05,0.8,360,4,30,10,SQ,Yes,Yes
India,KeralaState,Use your paper :D ,15,16,"35,000,000",0.63,1683,0.9684211,0.9654,0.97,0.99,0.9654,0.5,1,4,5,0.5,0.5,0.03,0.03,0.38,0.66,5,12,no,0.7,0.7,1,0.05,20,0.97,0.99,0.05,0.8,360,4,30,10,PEP,,
India,KeralaState,Use your paper :D ,15,16,"35,000,000",0.63,1530,0.9684211,0.9654,0.95,0.9684211,0.9654,0.5,1,4,5,0.5,0.7,0.03,0.7,0.38,0.66,5,12,no,0.7,0.7,1,0.05,20,0.97,0.99,0.05,0.8,360,4,30,10,MDV,,
India,KeralaState,Use your paper :D ,15,16,"35,000,000",0.63,1530,0.9684211,0.9654,0.95,0.99,0.9654,0.5,1,4,5,0.5,0.7,0.03,0.7,0.38,0.66,5,12,yes,0.7,0.7,1,0.05,20,0.97,0.99,0.05,0.8,360,4,30,10,IBCM_MDV,,
India,KeralaState,Use your paper :D ,15,16,"35,000,000",0.63,1530,0.9684211,0.9654,0.95,0.99,0.9654,0.5,1,4,5,0.5,0.5,0.03,0.03,0.38,0.66,5,12,yes,0.7,0.7,1,0.05,20,0.97,0.99,0.05,0.8,360,4,30,10,IBCM,,
Kenya,National,,8,14,"58,722,068",0,119,0.2,0.4472136,0.72,0.67,0.6299408,0.5,1,4,5,0.15,0.15,0.05,0.05,0,2,5,12,no,0.7,0.7,1,0.05,20,0.95,0.99,0.05,0.8,360,4,30,10,SQ,No,No
Kenya,National,,8,14,"58,722,068",0,130.9,0.2,0.4472136,0.85,0.99,0.6299408,0.5,1,4,5,0.15,0.15,0.05,0.05,0,2,5,12,no,0.7,0.7,1,0.05,20,0.95,0.99,0.05,0.8,360,4,30,10,PEP,,
Kenya,National,,8,14,"58,722,068",0,119,0.2,0.4472136,0.72,0.67,0.6299408,0.5,1,4,5,0.15,0.7,0.05,0.7,0,2,5,12,no,0.7,0.7,1,0.05,20,0.95,0.99,0.05,0.8,360,4,30,10,MDV,,
Kenya,National,,8,14,"58,722,068",0,119,0.2,0.4472136,0.72,0.99,0.6299408,0.5,1,4,5,0.15,0.7,0.05,0.7,0,2,5,12,yes,0.7,0.7,1,0.05,20,0.95,0.99,0.05,0.8,360,4,30,10,IBCM_MDV,,
Kenya,National,,8,14,"58,722,068",0,119,0.2,0.4472136,0.72,0.99,0.6299408,0.5,1,4,5,0.15,0.15,0.05,0.05,0,2,5,12,yes,0.7,0.7,1,0.05,20,0.95,0.99,0.05,0.8,360,4,30,10,IBCM,,
Madagascar,MoramangaDistrict,"See Rajeev et al. 2019 - https://doi.org/10.1016/j.vaccine.2018.11.011 especially table 4. In Madagascar PEP is free (via Institut Pasteur) and given by ID (but TRC not 1-week regimen yet). It is administered from just 31 centres, so patients have to travel far. Stockouts are common. 202/519 bite patients are non-exposures (so can calibrate healthy bite patients) 0.22-0.58 of bite patients are due to rabid animals; annual bite patient incidence is 189/100,000 per year BUT this includes unreported rabies exposures who do not seek/ obtain PEP. pPEP is 0.84 - you can work out bpi minus these individuals; dog populations are here: https://pmc.ncbi.nlm.nih.gov/articles/PMC8167587/",8,25,"350,724",0,158.8,0.84,0.87,0.84,0.9,0.9,0.5,1,4,5,0.05,0.05,0.05,0.05,0,0.8,5,12,no,0.7,0.7,1,0.05,20,0.95,0.99,0.05,0.8,360,4,30,10,SQ,Yes,Yes
Madagascar,MoramangaDistrict,"See Rajeev et al. 2019 - https://doi.org/10.1016/j.vaccine.2018.11.011 especially table 4. In Madagascar PEP is free (via Institut Pasteur) and given by ID (but TRC not 1-week regimen yet). It is administered from just 31 centres, so patients have to travel far. Stockouts are common. 202/519 bite patients are non-exposures (so can calibrate healthy bite patients) 0.22-0.58 of bite patients are due to rabid animals; annual bite patient incidence is 189/100,000 per year BUT this includes unreported rabies exposures who do not seek/ obtain PEP. pPEP is 0.84 - you can work out bpi minus these individuals; dog populations are here: https://pmc.ncbi.nlm.nih.gov/articles/PMC8167587/",8,25,"350,724",0,174.68,0.84,0.87,0.924,0.99,0.9,0.5,1,4,5,0.05,0.05,0.05,0.05,0,0.8,5,12,no,0.7,0.7,1,0.05,20,0.95,0.99,0.05,0.8,360,4,30,10,PEP,,
Madagascar,MoramangaDistrict,"See Rajeev et al. 2019 - https://doi.org/10.1016/j.vaccine.2018.11.011 especially table 4. In Madagascar PEP is free (via Institut Pasteur) and given by ID (but TRC not 1-week regimen yet). It is administered from just 31 centres, so patients have to travel far. Stockouts are common. 202/519 bite patients are non-exposures (so can calibrate healthy bite patients) 0.22-0.58 of bite patients are due to rabid animals; annual bite patient incidence is 189/100,000 per year BUT this includes unreported rabies exposures who do not seek/ obtain PEP. pPEP is 0.84 - you can work out bpi minus these individuals; dog populations are here: https://pmc.ncbi.nlm.nih.gov/articles/PMC8167587/",8,25,"350,724",0,158.8,0.84,0.87,0.84,0.9,0.9,0.5,1,4,5,0.05,0.7,0.05,0.7,0,0.8,5,12,no,0.7,0.7,1,0.05,20,0.95,0.99,0.05,0.8,360,4,30,10,MDV,,
Madagascar,MoramangaDistrict,"See Rajeev et al. 2019 - https://doi.org/10.1016/j.vaccine.2018.11.011 especially table 4. In Madagascar PEP is free (via Institut Pasteur) and given by ID (but TRC not 1-week regimen yet). It is administered from just 31 centres, so patients have to travel far. Stockouts are common. 202/519 bite patients are non-exposures (so can calibrate healthy bite patients) 0.22-0.58 of bite patients are due to rabid animals; annual bite patient incidence is 189/100,000 per year BUT this includes unreported rabies exposures who do not seek/ obtain PEP. pPEP is 0.84 - you can work out bpi minus these individuals; dog populations are here: https://pmc.ncbi.nlm.nih.gov/articles/PMC8167587/",8,25,"350,724",0,158.8,0.84,0.87,0.84,0.99,0.9,0.5,1,4,5,0.05,0.7,0.05,0.7,0,0.8,5,12,yes,0.7,0.7,1,0.05,20,0.95,0.99,0.05,0.8,360,4,30,10,IBCM_MDV,,
Madagascar,MoramangaDistrict,"See Rajeev et al. 2019 - https://doi.org/10.1016/j.vaccine.2018.11.011 especially table 4. In Madagascar PEP is free (via Institut Pasteur) and given by ID (but TRC not 1-week regimen yet). It is administered from just 31 centres, so patients have to travel far. Stockouts are common. 202/519 bite patients are non-exposures (so can calibrate healthy bite patients) 0.22-0.58 of bite patients are due to rabid animals; annual bite patient incidence is 189/100,000 per year BUT this includes unreported rabies exposures who do not seek/ obtain PEP. pPEP is 0.84 - you can work out bpi minus these individuals; dog populations are here: https://pmc.ncbi.nlm.nih.gov/articles/PMC8167587/",8,25,"350,724",0,158.8,0.84,0.87,0.84,0.99,0.9,0.5,1,4,5,0.05,0.05,0.05,0.05,0,0.8,5,12,yes,0.7,0.7,1,0.05,20,0.95,0.99,0.05,0.8,360,4,30,10,IBCM,,
Nigeria,KadunaState,Take PEP params from https://www.frontiersin.org/journals/tropical-diseases/articles/10.3389/fitd.2026.1757621/full,18,24,"9,032,200",0,1,0.2,0.4472136,0.65,0.8,0.9,0.5,1,4,5,0.15,0.15,0.05,0.05,0,2,5,12,no,0.7,0.7,1,0.05,20,0.95,0.99,0.05,0.8,360,4,30,10,SQ,No,No
Nigeria,KadunaState,Take PEP params from https://www.frontiersin.org/journals/tropical-diseases/articles/10.3389/fitd.2026.1757621/full,18,24,"9,032,200",0,1.1,0.2,0.4472136,0.85,0.99,0.9,0.5,1,4,5,0.15,0.15,0.05,0.05,0,2,5,12,no,0.7,0.7,1,0.05,20,0.95,0.99,0.05,0.8,360,4,30,10,PEP,,
Nigeria,KadunaState,Take PEP params from https://www.frontiersin.org/journals/tropical-diseases/articles/10.3389/fitd.2026.1757621/full,18,24,"9,032,200",0,1,0.2,0.4472136,0.65,0.8,0.9,0.5,1,4,5,0.15,0.7,0.05,0.7,0,2,5,12,no,0.7,0.7,1,0.05,20,0.95,0.99,0.05,0.8,360,4,30,10,MDV,,
Nigeria,KadunaState,Take PEP params from https://www.frontiersin.org/journals/tropical-diseases/articles/10.3389/fitd.2026.1757621/full,18,24,"9,032,200",0,1,0.2,0.4472136,0.65,0.99,0.9,0.5,1,4,5,0.15,0.7,0.05,0.7,0,2,5,12,yes,0.7,0.7,1,0.05,20,0.95,0.99,0.05,0.8,360,4,30,10,IBCM_MDV,,
Nigeria,KadunaState,Take PEP params from https://www.frontiersin.org/journals/tropical-diseases/articles/10.3389/fitd.2026.1757621/full,18,24,"9,032,200",0,1,0.2,0.4472136,0.65,0.99,0.9,0.5,1,4,5,0.15,0.15,0.05,0.05,0,2,5,12,yes,0.7,0.7,1,0.05,20,0.95,0.99,0.05,0.8,360,4,30,10,IBCM,,
Nigeria,National,,18,24,"227,963,272",0,5,0.2,0.4472136,0.6,0.67,0.6299408,0.5,1,4,5,0.15,0.15,0.05,0.05,0,2,5,12,no,0.7,0.7,1,0.05,20,0.95,0.99,0.05,0.8,360,4,30,10,SQ,No,No
Nigeria,National,,18,24,"227,963,272",0,5,0.2,0.4472136,0.85,0.99,0.6299408,0.5,1,4,5,0.15,0.15,0.05,0.05,0,2,5,12,no,0.7,0.7,1,0.05,20,0.95,0.99,0.05,0.8,360,4,30,10,PEP,,
Nigeria,National,,18,24,"227,963,272",0,5,0.2,0.4472136,0.6,0.67,0.6299408,0.5,1,4,5,0.15,0.7,0.05,0.7,0,2,5,12,no,0.7,0.7,1,0.05,20,0.95,0.99,0.05,0.8,360,4,30,10,MDV,,
Nigeria,National,,18,24,"227,963,272",0,5,0.2,0.4472136,0.6,0.99,0.6299408,0.5,1,4,5,0.15,0.7,0.05,0.7,0,2,5,12,yes,0.7,0.7,1,0.05,20,0.95,0.99,0.05,0.8,360,4,30,10,IBCM_MDV,,
Nigeria,National,,18,24,"227,963,272",0,5,0.2,0.4472136,0.6,0.99,0.6299408,0.5,1,4,5,0.15,0.15,0.05,0.05,0,2,5,12,yes,0.7,0.7,1,0.05,20,0.95,0.99,0.05,0.8,360,4,30,10,IBCM,,
Philippines,MIMAROPAregion,"MIMAROPA is a rural archipelago, there is a lot of local variation in how IBCM is done. Worth chatting with Ellie - but for immediate pragmatic purposes most numbers come from Swedberg 2023 https://www.oaepublish.com/articles/ohir.2023.02 see the wider context paragraph in the discussion that usefully reports BPI for multiple Philippines provinces! I don't know what compliance is (Rysava paper worth a look, but assume it is high >0.9?). Based on experience from the Philippines, I would say that pInvestigate is VERY modifiable - if well resourced it can be >0.8, but the starting position is probably very low (<25%)! you should chat about this with Ellie and we can discuss when we meet too",3,6,"3,245,446",0,1246,0.74,0.95,0.74,0.99,0.95,0.5,1,4,5,0.3,0.3,0.05,0.05,0.155,0.66,5,12,no,0.7,0.7,1,0.05,20,0.95,0.99,0.05,0.8,360,4,30,10,SQ,Yes,Yes
Philippines,MIMAROPAregion,"MIMAROPA is a rural archipelago, there is a lot of local variation in how IBCM is done. Worth chatting with Ellie - but for immediate pragmatic purposes most numbers come from Swedberg 2023 https://www.oaepublish.com/articles/ohir.2023.02 see the wider context paragraph in the discussion that usefully reports BPI for multiple Philippines provinces! I don't know what compliance is (Rysava paper worth a look, but assume it is high >0.9?). Based on experience from the Philippines, I would say that pInvestigate is VERY modifiable - if well resourced it can be >0.8, but the starting position is probably very low (<25%)! you should chat about this with Ellie and we can discuss when we meet too",3,6,"3,245,446",0,1370.6,0.74,0.95,0.85,0.99,0.95,0.5,1,4,5,0.3,0.3,0.05,0.05,0.155,0.66,5,12,no,0.7,0.7,1,0.05,20,0.95,0.99,0.05,0.8,360,4,30,10,PEP,,
Philippines,MIMAROPAregion,"MIMAROPA is a rural archipelago, there is a lot of local variation in how IBCM is done. Worth chatting with Ellie - but for immediate pragmatic purposes most numbers come from Swedberg 2023 https://www.oaepublish.com/articles/ohir.2023.02 see the wider context paragraph in the discussion that usefully reports BPI for multiple Philippines provinces! I don't know what compliance is (Rysava paper worth a look, but assume it is high >0.9?). Based on experience from the Philippines, I would say that pInvestigate is VERY modifiable - if well resourced it can be >0.8, but the starting position is probably very low (<25%)! you should chat about this with Ellie and we can discuss when we meet too",3,6,"3,245,446",0,1246,0.74,0.95,0.74,0.99,0.95,0.5,1,4,5,0.3,0.7,0.05,0.7,0.155,0.66,5,12,no,0.7,0.7,1,0.05,20,0.95,0.99,0.05,0.8,360,4,30,10,MDV,,
Philippines,MIMAROPAregion,"MIMAROPA is a rural archipelago, there is a lot of local variation in how IBCM is done. Worth chatting with Ellie - but for immediate pragmatic purposes most numbers come from Swedberg 2023 https://www.oaepublish.com/articles/ohir.2023.02 see the wider context paragraph in the discussion that usefully reports BPI for multiple Philippines provinces! I don't know what compliance is (Rysava paper worth a look, but assume it is high >0.9?). Based on experience from the Philippines, I would say that pInvestigate is VERY modifiable - if well resourced it can be >0.8, but the starting position is probably very low (<25%)! you should chat about this with Ellie and we can discuss when we meet too",3,6,"3,245,446",0,1246,0.74,0.95,0.74,0.99,0.95,0.5,1,4,5,0.3,0.7,0.05,0.7,0.155,0.66,5,12,yes,0.7,0.7,1,0.05,20,0.95,0.99,0.05,0.8,360,4,30,10,IBCM_MDV,,
Philippines,MIMAROPAregion,"MIMAROPA is a rural archipelago, there is a lot of local variation in how IBCM is done. Worth chatting with Ellie - but for immediate pragmatic purposes most numbers come from Swedberg 2023 https://www.oaepublish.com/articles/ohir.2023.02 see the wider context paragraph in the discussion that usefully reports BPI for multiple Philippines provinces! I don't know what compliance is (Rysava paper worth a look, but assume it is high >0.9?). Based on experience from the Philippines, I would say that pInvestigate is VERY modifiable - if well resourced it can be >0.8, but the starting position is probably very low (<25%)! you should chat about this with Ellie and we can discuss when we meet too",3,6,"3,245,446",0,1246,0.74,0.95,0.74,0.99,0.95,0.5,1,4,5,0.3,0.3,0.05,0.05,0.155,0.66,5,12,yes,0.7,0.7,1,0.05,20,0.95,0.99,0.05,0.8,360,4,30,10,IBCM,,
Tanzania,LindiMtwaraRegion,PEP params can be taken from Changalucha 2025 https://doi.org/10.1016/j.vaccine.2025.128178 and Lushasi et al. 2026 https://doi.org/10.1371/journal.pgph.0005595 - dog populations from https://besjournals.onlinelibrary.wiley.com/doi/full/10.1111/1365-2664.13983 (try to check these - I think they are in the right ball park),15,40,"2,828,975",0,20,0.2,0.3,0.7,0.67,0.54,0.5,1,4,5,0.15,0.15,0.05,0.05,0,2,5,12,no,0.7,0.7,1,0.05,20,0.95,0.99,0.05,0.8,360,4,30,10,SQ,No,No
Tanzania,LindiMtwaraRegion,PEP params can be taken from Changalucha 2025 https://doi.org/10.1016/j.vaccine.2025.128178 and Lushasi et al. 2026 https://doi.org/10.1371/journal.pgph.0005595 - dog populations from https://besjournals.onlinelibrary.wiley.com/doi/full/10.1111/1365-2664.13983 (try to check these - I think they are in the right ball park),15,40,"2,828,975",0,22,0.2,0.3,0.85,0.99,0.54,0.5,1,4,5,0.15,0.15,0.05,0.05,0,2,5,12,no,0.7,0.7,1,0.05,20,0.95,0.99,0.05,0.8,360,4,30,10,PEP,,
Tanzania,LindiMtwaraRegion,PEP params can be taken from Changalucha 2025 https://doi.org/10.1016/j.vaccine.2025.128178 and Lushasi et al. 2026 https://doi.org/10.1371/journal.pgph.0005595 - dog populations from https://besjournals.onlinelibrary.wiley.com/doi/full/10.1111/1365-2664.13983 (try to check these - I think they are in the right ball park),15,40,"2,828,975",0,20,0.2,0.3,0.7,0.67,0.54,0.5,1,4,5,0.15,0.7,0.05,0.7,0,2,5,12,no,0.7,0.7,1,0.05,20,0.95,0.99,0.05,0.8,360,4,30,10,MDV,,
Tanzania,LindiMtwaraRegion,PEP params can be taken from Changalucha 2025 https://doi.org/10.1016/j.vaccine.2025.128178 and Lushasi et al. 2026 https://doi.org/10.1371/journal.pgph.0005595 - dog populations from https://besjournals.onlinelibrary.wiley.com/doi/full/10.1111/1365-2664.13983 (try to check these - I think they are in the right ball park),15,40,"2,828,975",0,20,0.2,0.3,0.7,0.99,0.54,0.5,1,4,5,0.15,0.7,0.05,0.7,0,2,5,12,yes,0.7,0.7,1,0.05,20,0.95,0.99,0.05,0.8,360,4,30,10,IBCM_MDV,,
Tanzania,LindiMtwaraRegion,PEP params can be taken from Changalucha 2025 https://doi.org/10.1016/j.vaccine.2025.128178 and Lushasi et al. 2026 https://doi.org/10.1371/journal.pgph.0005595 - dog populations from https://besjournals.onlinelibrary.wiley.com/doi/full/10.1111/1365-2664.13983 (try to check these - I think they are in the right ball park),15,40,"2,828,975",0,20,0.2,0.3,0.7,0.99,0.54,0.5,1,4,5,0.15,0.15,0.05,0.05,0,2,5,12,yes,0.7,0.7,1,0.05,20,0.95,0.99,0.05,0.8,360,4,30,10,IBCM,,
Tanzania,MaraRegion,PEP params can be taken from Changalucha 2025 https://doi.org/10.1016/j.vaccine.2025.128178 and Lushasi et al. 2026 https://doi.org/10.1371/journal.pgph.0005595,5,9,"2,372,015",0,60,0.2,0.41,0.8,0.85,0.54,0.5,1,4,5,0.38,0.38,0.05,0.05,0,2,5,12,no,0.7,0.7,1,0.05,20,0.95,0.99,0.05,0.8,360,4,30,10,SQ,No,No
Tanzania,MaraRegion,PEP params can be taken from Changalucha 2025 https://doi.org/10.1016/j.vaccine.2025.128178 and Lushasi et al. 2026 https://doi.org/10.1371/journal.pgph.0005595,5,9,"2,372,015",0,66,0.2,0.41,0.85,0.99,0.54,0.5,1,4,5,0.38,0.38,0.05,0.05,0,2,5,12,no,0.7,0.7,1,0.05,20,0.95,0.99,0.05,0.8,360,4,30,10,PEP,,
Tanzania,MaraRegion,PEP params can be taken from Changalucha 2025 https://doi.org/10.1016/j.vaccine.2025.128178 and Lushasi et al. 2026 https://doi.org/10.1371/journal.pgph.0005595,5,9,"2,372,015",0,60,0.2,0.41,0.8,0.85,0.54,0.5,1,4,5,0.38,0.7,0.05,0.7,0,2,5,12,no,0.7,0.7,1,0.05,20,0.95,0.99,0.05,0.8,360,4,30,10,MDV,,
Tanzania,MaraRegion,PEP params can be taken from Changalucha 2025 https://doi.org/10.1016/j.vaccine.2025.128178 and Lushasi et al. 2026 https://doi.org/10.1371/journal.pgph.0005595,5,9,"2,372,015",0,60,0.2,0.41,0.8,0.99,0.54,0.5,1,4,5,0.38,0.7,0.05,0.7,0,2,5,12,yes,0.7,0.7,1,0.05,20,0.95,0.99,0.05,0.8,360,4,30,10,IBCM_MDV,,
Tanzania,MaraRegion,PEP params can be taken from Changalucha 2025 https://doi.org/10.1016/j.vaccine.2025.128178 and Lushasi et al. 2026 https://doi.org/10.1371/journal.pgph.0005595,5,9,"2,372,015",0,60,0.2,0.41,0.8,0.99,0.54,0.5,1,4,5,0.38,0.38,0.05,0.05,0,2,5,12,yes,0.7,0.7,1,0.05,20,0.95,0.99,0.05,0.8,360,4,30,10,IBCM,,
Tanzania,Zanzibar,Assume similar epi/ culture / health system to Pemba - see https://elifesciences.org/articles/85262 Between 45–72% of bite patients depending upon the status of unclassified biting dogs. Across two period pPEP increased from 0.67 to 0.78 (combination of health seeking and available PEP). So params pSeek & pStart need combining! on Pemba pCompletion increased from 0.397 to 0.84 from when PEP was not free to free during an outbreak period. I have gneerally added the lower values in here,90,120,"1,889,773",0,15.4,0.2,0.4,0.8,0.85,0.4,0.5,1,4,5,0.15,0.15,0.05,0.05,0,2,5,12,no,0.7,0.7,1,0.05,20,0.95,0.99,0.05,0.8,360,4,30,10,SQ,Yes,No
Tanzania,Zanzibar,Assume similar epi/ culture / health system to Pemba - see https://elifesciences.org/articles/85262 Between 45–72% of bite patients depending upon the status of unclassified biting dogs. Across two period pPEP increased from 0.67 to 0.78 (combination of health seeking and available PEP). So params pSeek & pStart need combining! on Pemba pCompletion increased from 0.397 to 0.84 from when PEP was not free to free during an outbreak period. I have gneerally added the lower values in here,90,120,"1,889,773",0,16.94,0.2,0.4,0.85,0.99,0.4,0.5,1,4,5,0.15,0.15,0.05,0.05,0,2,5,12,no,0.7,0.7,1,0.05,20,0.95,0.99,0.05,0.8,360,4,30,10,PEP,,
Tanzania,Zanzibar,Assume similar epi/ culture / health system to Pemba - see https://elifesciences.org/articles/85262 Between 45–72% of bite patients depending upon the status of unclassified biting dogs. Across two period pPEP increased from 0.67 to 0.78 (combination of health seeking and available PEP). So params pSeek & pStart need combining! on Pemba pCompletion increased from 0.397 to 0.84 from when PEP was not free to free during an outbreak period. I have gneerally added the lower values in here,90,120,"1,889,773",0,15.4,0.2,0.4,0.8,0.85,0.4,0.5,1,4,5,0.15,0.7,0.05,0.7,0,2,5,12,no,0.7,0.7,1,0.05,20,0.95,0.99,0.05,0.8,360,4,30,10,MDV,,
Tanzania,Zanzibar,Assume similar epi/ culture / health system to Pemba - see https://elifesciences.org/articles/85262 Between 45–72% of bite patients depending upon the status of unclassified biting dogs. Across two period pPEP increased from 0.67 to 0.78 (combination of health seeking and available PEP). So params pSeek & pStart need combining! on Pemba pCompletion increased from 0.397 to 0.84 from when PEP was not free to free during an outbreak period. I have gneerally added the lower values in here,90,120,"1,889,773",0,15.4,0.2,0.4,0.8,0.99,0.4,0.5,1,4,5,0.15,0.7,0.05,0.7,0,2,5,12,yes,0.7,0.7,1,0.05,20,0.95,0.99,0.05,0.8,360,4,30,10,IBCM_MDV,,
Tanzania,Zanzibar,Assume similar epi/ culture / health system to Pemba - see https://elifesciences.org/articles/85262 Between 45–72% of bite patients depending upon the status of unclassified biting dogs. Across two period pPEP increased from 0.67 to 0.78 (combination of health seeking and available PEP). So params pSeek & pStart need combining! on Pemba pCompletion increased from 0.397 to 0.84 from when PEP was not free to free during an outbreak period. I have gneerally added the lower values in here,90,120,"1,889,773",0,15.4,0.2,0.4,0.8,0.99,0.4,0.5,1,4,5,0.15,0.15,0.05,0.05,0,2,5,12,yes,0.7,0.7,1,0.05,20,0.95,0.99,0.05,0.8,360,4,30,10,IBCM,,
Tanzania,ShinyangaRegion,dog and PEP params borrowed from Mara,5,9,"2,241,299",0,60,0.2,0.41,0.8,0.85,0.54,0.5,1,4,5,0.05,0.05,0.05,0.05,0,2,5,12,no,0.7,0.7,1,0.05,20,0.95,0.99,0.05,0.8,360,4,30,10,SQ,No,No
Tanzania,ShinyangaRegion,dog and PEP params borrowed from Mara,5,9,"2,241,299",0,66,0.2,0.41,0.85,0.99,0.54,0.5,1,4,5,0.05,0.05,0.05,0.05,0,2,5,12,no,0.7,0.7,1,0.05,20,0.95,0.99,0.05,0.8,360,4,30,10,PEP,,
Tanzania,ShinyangaRegion,dog and PEP params borrowed from Mara,5,9,"2,241,299",0,60,0.2,0.41,0.8,0.85,0.54,0.5,1,4,5,0.05,0.7,0.05,0.7,0,2,5,12,no,0.7,0.7,1,0.05,20,0.95,0.99,0.05,0.8,360,4,30,10,MDV,,
Tanzania,ShinyangaRegion,dog and PEP params borrowed from Mara,5,9,"2,241,299",0,60,0.2,0.41,0.8,0.99,0.54,0.5,1,4,5,0.05,0.7,0.05,0.7,0,2,5,12,yes,0.7,0.7,1,0.05,20,0.95,0.99,0.05,0.8,360,4,30,10,IBCM_MDV,,
Tanzania,ShinyangaRegion,dog and PEP params borrowed from Mara,5,9,"2,241,299",0,60,0.2,0.41,0.8,0.99,0.54,0.5,1,4,5,0.05,0.05,0.05,0.05,0,2,5,12,yes,0.7,0.7,1,0.05,20,0.95,0.99,0.05,0.8,360,4,30,10,IBCM,,
Tanzania,National,,25,35,"70,613,532",0,6,0.2,0.4472136,0.7,0.67,0.6299408,0.5,1,4,5,0.05,0.05,0.05,0.05,0,2,5,12,no,0.7,0.7,1,0.05,20,0.95,0.99,0.05,0.8,360,4,30,10,SQ,No,No
Tanzania,National,,25,35,"70,613,532",0,6,0.2,0.4472136,0.85,0.99,0.6299408,0.5,1,4,5,0.05,0.05,0.05,0.05,0,2,5,12,no,0.7,0.7,1,0.05,20,0.95,0.99,0.05,0.8,360,4,30,10,PEP,,
Tanzania,National,,25,35,"70,613,532",0,6,0.2,0.4472136,0.7,0.67,0.6299408,0.5,1,4,5,0.05,0.7,0.05,0.7,0,2,5,12,no,0.7,0.7,1,0.05,20,0.95,0.99,0.05,0.8,360,4,30,10,MDV,,
Tanzania,National,,25,35,"70,613,532",0,6,0.2,0.4472136,0.7,0.99,0.6299408,0.5,1,4,5,0.05,0.7,0.05,0.7,0,2,5,12,yes,0.7,0.7,1,0.05,20,0.95,0.99,0.05,0.8,360,4,30,10,IBCM_MDV,,
Tanzania,National,,25,35,"70,613,532",0,6,0.2,0.4472136,0.7,0.99,0.6299408,0.5,1,4,5,0.05,0.05,0.05,0.05,0,2,5,12,yes,0.7,0.7,1,0.05,20,0.95,0.99,0.05,0.8,360,4,30,10,IBCM,,