country,year,population,HDR1,HDR2,Paid,pSeek_exposure,pStart_exposure,pComplete_exposure,pSeek_healthy,pStart_healthy,pComplete_healthy,pDeath,pPrevent,full_cost,partial_cost,vaccinate_dog_cost1,vaccinate_dog_cost2,target_vax_cov,LR_range1,LR_range2,mu,k,pBite_healthy,pInvestigate,pFound,pTestable,discount,pFalseNeg,scenario
Burkina Faso,2024,23349262,9,15,TRUE,0.5,0.67,0.3968254,0.6,0.2,0.2,0.1660119,0.986,0,0,0,0,0,6.6,12.8,0.38,0.14,0.01,0.9,0.6,0.7,0,0.05,Burkina_Faso_2024
Burkina Faso,2025,23991225,9,15,TRUE,0.6,0.77,0.3968254,0.7,0.2,0.2,0.1660119,0.986,0,0,0,0,0,6.6,12.8,0.38,0.14,0.01,0.9,0.6,0.7,0,0.05,Burkina_Faso_2025
Burkina Faso,2026,24645549,9,15,TRUE,0.63,0.8,0.3968254,0.71,0.2,0.2,0.1660119,0.986,0,0,0,0,0,6.6,12.8,0.38,0.14,0.01,0.9,0.6,0.7,0,0.05,Burkina_Faso_2026
Burkina Faso,2027,25312044,9,15,TRUE,0.66,0.83,0.3968254,0.72,0.2,0.2,0.1660119,0.986,0,0,0,0,0,6.6,12.8,0.38,0.14,0.01,0.9,0.6,0.7,0,0.05,Burkina_Faso_2027
Burkina Faso,2028,25990540,9,15,TRUE,0.69,0.86,0.3968254,0.73,0.2,0.2,0.1660119,0.986,0,0,0,0,0,6.6,12.8,0.38,0.14,0.01,0.9,0.6,0.7,0,0.05,Burkina_Faso_2028
Burkina Faso,2029,26680772,9,15,TRUE,0.72,0.89,0.3968254,0.74,0.2,0.2,0.1660119,0.986,0,0,0,0,0,6.6,12.8,0.38,0.14,0.01,0.9,0.6,0.7,0,0.05,Burkina_Faso_2029
Burkina Faso,2030,27382488,9,15,TRUE,0.75,0.92,0.3968254,0.75,0.2,0.2,0.1660119,0.986,0,0,0,0,0,6.6,12.8,0.38,0.14,0.01,0.9,0.6,0.7,0,0.05,Burkina_Faso_2030
Cameroon,2024,28642234,10,16,TRUE,0.7,0.67,0.3968254,0.6,0.2,0.2,0.1660119,0.986,0,0,0,0,0,6.6,12.8,0.38,0.14,0.01,0.9,0.6,0.7,0,0.05,Cameroon_2024
Cameroon,2025,29339083,10,16,TRUE,0.8,0.77,0.3968254,0.7,0.2,0.2,0.1660119,0.986,0,0,0,0,0,6.6,12.8,0.38,0.14,0.01,0.9,0.6,0.7,0,0.05,Cameroon_2025
Cameroon,2026,30046222,10,16,TRUE,0.83,0.8,0.3968254,0.71,0.2,0.2,0.1660119,0.986,0,0,0,0,0,6.6,12.8,0.38,0.14,0.01,0.9,0.6,0.7,0,0.05,Cameroon_2026
Cameroon,2027,30763659,10,16,TRUE,0.86,0.83,0.3968254,0.72,0.2,0.2,0.1660119,0.986,0,0,0,0,0,6.6,12.8,0.38,0.14,0.01,0.9,0.6,0.7,0,0.05,Cameroon_2027
Cameroon,2028,31491572,10,16,TRUE,0.89,0.86,0.3968254,0.73,0.2,0.2,0.1660119,0.986,0,0,0,0,0,6.6,12.8,0.38,0.14,0.01,0.9,0.6,0.7,0,0.05,Cameroon_2028
Cameroon,2029,32230190,10,16,TRUE,0.9,0.89,0.3968254,0.74,0.2,0.2,0.1660119,0.986,0,0,0,0,0,6.6,12.8,0.38,0.14,0.01,0.9,0.6,0.7,0,0.05,Cameroon_2029
Cameroon,2030,32979644,10,16,TRUE,0.9,0.92,0.3968254,0.75,0.2,0.2,0.1660119,0.986,0,0,0,0,0,6.6,12.8,0.38,0.14,0.01,0.9,0.6,0.7,0,0.05,Cameroon_2030
Cote d'Ivoire,2024,28879988,11,17,TRUE,0.6,0.67,0.3968254,0.6,0.2,0.2,0.1660119,0.986,0,0,0,0,0,6.6,12.8,0.38,0.14,0.01,0.9,0.6,0.7,0,0.05,Cote_d'Ivoire_2024
Cote d'Ivoire,2025,29590631,11,17,TRUE,0.7,0.77,0.3968254,0.7,0.2,0.2,0.1660119,0.986,0,0,0,0,0,6.6,12.8,0.38,0.14,0.01,0.9,0.6,0.7,0,0.05,Cote_d'Ivoire_2025
Cote d'Ivoire,2026,30314031,11,17,TRUE,0.73,0.8,0.3968254,0.71,0.2,0.2,0.1660119,0.986,0,0,0,0,0,6.6,12.8,0.38,0.14,0.01,0.9,0.6,0.7,0,0.05,Cote_d'Ivoire_2026
Cote d'Ivoire,2027,31050231,11,17,TRUE,0.76,0.83,0.3968254,0.72,0.2,0.2,0.1660119,0.986,0,0,0,0,0,6.6,12.8,0.38,0.14,0.01,0.9,0.6,0.7,0,0.05,Cote_d'Ivoire_2027
Cote d'Ivoire,2028,31799349,11,17,TRUE,0.79,0.86,0.3968254,0.73,0.2,0.2,0.1660119,0.986,0,0,0,0,0,6.6,12.8,0.38,0.14,0.01,0.9,0.6,0.7,0,0.05,Cote_d'Ivoire_2028
Cote d'Ivoire,2029,32561655,11,17,TRUE,0.82,0.89,0.3968254,0.74,0.2,0.2,0.1660119,0.986,0,0,0,0,0,6.6,12.8,0.38,0.14,0.01,0.9,0.6,0.7,0,0.05,Cote_d'Ivoire_2029
Cote d'Ivoire,2030,33337306,11,17,TRUE,0.85,0.92,0.3968254,0.75,0.2,0.2,0.1660119,0.986,0,0,0,0,0,6.6,12.8,0.38,0.14,0.01,0.9,0.6,0.7,0,0.05,Cote_d'Ivoire_2030
Ethiopia,2024,123427617,7,13,TRUE,0.6,0.67,0.3968254,0.6,0.2,0.2,0.1660119,0.986,0,0,0,0,0,6.6,12.8,0.38,0.14,0.01,0.9,0.6,0.7,0,0.05,Ethiopia_2024
Ethiopia,2025,126120682,7,13,TRUE,0.7,0.77,0.3968254,0.7,0.2,0.2,0.1660119,0.986,0,0,0,0,0,6.6,12.8,0.38,0.14,0.01,0.9,0.6,0.7,0,0.05,Ethiopia_2025
Ethiopia,2026,128817980,7,13,TRUE,0.73,0.8,0.3968254,0.71,0.2,0.2,0.1660119,0.986,0,0,0,0,0,6.6,12.8,0.38,0.14,0.01,0.9,0.6,0.7,0,0.05,Ethiopia_2026
Ethiopia,2027,131517867,7,13,TRUE,0.76,0.83,0.3968254,0.72,0.2,0.2,0.1660119,0.986,0,0,0,0,0,6.6,12.8,0.38,0.14,0.01,0.9,0.6,0.7,0,0.05,Ethiopia_2027
Ethiopia,2028,134218920,7,13,TRUE,0.79,0.86,0.3968254,0.73,0.2,0.2,0.1660119,0.986,0,0,0,0,0,6.6,12.8,0.38,0.14,0.01,0.9,0.6,0.7,0,0.05,Ethiopia_2028
Ethiopia,2029,136920107,7,13,TRUE,0.82,0.89,0.3968254,0.74,0.2,0.2,0.1660119,0.986,0,0,0,0,0,6.6,12.8,0.38,0.14,0.01,0.9,0.6,0.7,0,0.05,Ethiopia_2029
Ethiopia,2030,139620178,7,13,TRUE,0.85,0.92,0.3968254,0.75,0.2,0.2,0.1660119,0.986,0,0,0,0,0,6.6,12.8,0.38,0.14,0.01,0.9,0.6,0.7,0,0.05,Ethiopia_2030
Ghana,2024,33315708,7,13,FALSE,0.75,0.67,0.3968254,0.6,0.2,0.2,0.1660119,0.986,0,0,0,0,0,6.6,12.8,0.38,0.14,0.01,0.9,0.6,0.7,0,0.05,Ghana_2024
Ghana,2025,33969758,7,13,FALSE,0.78,0.7,0.3968254,0.61,0.2,0.2,0.1660119,0.986,0,0,0,0,0,6.6,12.8,0.38,0.14,0.01,0.9,0.6,0.7,0,0.05,Ghana_2025
Ghana,2026,34627161,7,13,FALSE,0.81,0.73,0.3968254,0.62,0.2,0.2,0.1660119,0.986,0,0,0,0,0,6.6,12.8,0.38,0.14,0.01,0.9,0.6,0.7,0,0.05,Ghana_2026
Ghana,2027,35287968,7,13,FALSE,0.84,0.76,0.3968254,0.63,0.2,0.2,0.1660119,0.986,0,0,0,0,0,6.6,12.8,0.38,0.14,0.01,0.9,0.6,0.7,0,0.05,Ghana_2027
Ghana,2028,35952490,7,13,FALSE,0.87,0.79,0.3968254,0.64,0.2,0.2,0.1660119,0.986,0,0,0,0,0,6.6,12.8,0.38,0.14,0.01,0.9,0.6,0.7,0,0.05,Ghana_2028
Ghana,2029,36621087,7,13,FALSE,0.9,0.82,0.3968254,0.65,0.2,0.2,0.1660119,0.986,0,0,0,0,0,6.6,12.8,0.38,0.14,0.01,0.9,0.6,0.7,0,0.05,Ghana_2029
Ghana,2030,37294019,7,13,FALSE,0.9,0.85,0.3968254,0.66,0.2,0.2,0.1660119,0.986,0,0,0,0,0,6.6,12.8,0.38,0.14,0.01,0.9,0.6,0.7,0,0.05,Ghana_2030
Kenya,2024,58722068,8,14,TRUE,0.72,0.67,0.3968254,0.6,0.2,0.2,0.1660119,0.986,0,0,0,0,0,6.6,12.8,0.38,0.14,0.01,0.9,0.6,0.7,0,0.05,Kenya_2024
Kenya,2025,60063158,8,14,TRUE,0.82,0.77,0.3968254,0.7,0.2,0.2,0.1660119,0.986,0,0,0,0,0,6.6,12.8,0.38,0.14,0.01,0.9,0.6,0.7,0,0.05,Kenya_2025
Kenya,2026,61418176,8,14,TRUE,0.85,0.8,0.3968254,0.71,0.2,0.2,0.1660119,0.986,0,0,0,0,0,6.6,12.8,0.38,0.14,0.01,0.9,0.6,0.7,0,0.05,Kenya_2026
Kenya,2027,62786272,8,14,TRUE,0.88,0.83,0.3968254,0.72,0.2,0.2,0.1660119,0.986,0,0,0,0,0,6.6,12.8,0.38,0.14,0.01,0.9,0.6,0.7,0,0.05,Kenya_2027
Kenya,2028,64166647,8,14,TRUE,0.9,0.86,0.3968254,0.73,0.2,0.2,0.1660119,0.986,0,0,0,0,0,6.6,12.8,0.38,0.14,0.01,0.9,0.6,0.7,0,0.05,Kenya_2028
Kenya,2029,65558242,8,14,TRUE,0.9,0.89,0.3968254,0.74,0.2,0.2,0.1660119,0.986,0,0,0,0,0,6.6,12.8,0.38,0.14,0.01,0.9,0.6,0.7,0,0.05,Kenya_2029
Kenya,2030,66959993,8,14,TRUE,0.9,0.92,0.3968254,0.75,0.2,0.2,0.1660119,0.986,0,0,0,0,0,6.6,12.8,0.38,0.14,0.01,0.9,0.6,0.7,0,0.05,Kenya_2030
Lao PDR,2024,7540495,8,14,TRUE,0.7,0.67,0.3968254,0.6,0.2,0.2,0.1660119,0.986,0,0,0,0,0,6.6,12.8,0.38,0.14,0.01,0.9,0.6,0.7,0,0.05,Lao_PDR_2024
Lao PDR,2025,7629773,8,14,TRUE,0.8,0.77,0.3968254,0.7,0.2,0.2,0.1660119,0.986,0,0,0,0,0,6.6,12.8,0.38,0.14,0.01,0.9,0.6,0.7,0,0.05,Lao_PDR_2025
Lao PDR,2026,7717463,8,14,TRUE,0.83,0.8,0.3968254,0.71,0.2,0.2,0.1660119,0.986,0,0,0,0,0,6.6,12.8,0.38,0.14,0.01,0.9,0.6,0.7,0,0.05,Lao_PDR_2026
Lao PDR,2027,7803221,8,14,TRUE,0.86,0.83,0.3968254,0.72,0.2,0.2,0.1660119,0.986,0,0,0,0,0,6.6,12.8,0.38,0.14,0.01,0.9,0.6,0.7,0,0.05,Lao_PDR_2027
Lao PDR,2028,7887021,8,14,TRUE,0.89,0.86,0.3968254,0.73,0.2,0.2,0.1660119,0.986,0,0,0,0,0,6.6,12.8,0.38,0.14,0.01,0.9,0.6,0.7,0,0.05,Lao_PDR_2028
Lao PDR,2029,7968851,8,14,TRUE,0.9,0.89,0.3968254,0.74,0.2,0.2,0.1660119,0.986,0,0,0,0,0,6.6,12.8,0.38,0.14,0.01,0.9,0.6,0.7,0,0.05,Lao_PDR_2029
Lao PDR,2030,8048698,8,14,TRUE,0.9,0.92,0.3968254,0.75,0.2,0.2,0.1660119,0.986,0,0,0,0,0,6.6,12.8,0.38,0.14,0.01,0.9,0.6,0.7,0,0.05,Lao_PDR_2030
Madagascar,2024,30713196,17,30,FALSE,0.7,0.67,0.3968254,0.6,0.2,0.2,0.1660119,0.986,0,0,0,0,0,6.6,12.8,0.38,0.14,0.01,0.9,0.6,0.7,0,0.05,Madagascar_2024
Madagascar,2025,31500077,17,30,FALSE,0.73,0.7,0.3968254,0.61,0.2,0.2,0.1660119,0.986,0,0,0,0,0,6.6,12.8,0.38,0.14,0.01,0.9,0.6,0.7,0,0.05,Madagascar_2025
Madagascar,2026,32298311,17,30,FALSE,0.76,0.73,0.3968254,0.62,0.2,0.2,0.1660119,0.986,0,0,0,0,0,6.6,12.8,0.38,0.14,0.01,0.9,0.6,0.7,0,0.05,Madagascar_2026
Madagascar,2027,33107434,17,30,FALSE,0.79,0.76,0.3968254,0.63,0.2,0.2,0.1660119,0.986,0,0,0,0,0,6.6,12.8,0.38,0.14,0.01,0.9,0.6,0.7,0,0.05,Madagascar_2027
Madagascar,2028,33926654,17,30,FALSE,0.82,0.79,0.3968254,0.64,0.2,0.2,0.1660119,0.986,0,0,0,0,0,6.6,12.8,0.38,0.14,0.01,0.9,0.6,0.7,0,0.05,Madagascar_2028
Madagascar,2029,34755062,17,30,FALSE,0.85,0.82,0.3968254,0.65,0.2,0.2,0.1660119,0.986,0,0,0,0,0,6.6,12.8,0.38,0.14,0.01,0.9,0.6,0.7,0,0.05,Madagascar_2029
Madagascar,2030,35591943,17,30,FALSE,0.88,0.85,0.3968254,0.66,0.2,0.2,0.1660119,0.986,0,0,0,0,0,6.6,12.8,0.38,0.14,0.01,0.9,0.6,0.7,0,0.05,Madagascar_2030
Malawi,2024,22653625,7,13,TRUE,0.6,0.67,0.3968254,0.6,0.2,0.2,0.1660119,0.986,0,0,0,0,0,6.6,12.8,0.38,0.14,0.01,0.9,0.6,0.7,0,0.05,Malawi_2024
Malawi,2025,23277224,7,13,TRUE,0.7,0.77,0.3968254,0.7,0.2,0.2,0.1660119,0.986,0,0,0,0,0,6.6,12.8,0.38,0.14,0.01,0.9,0.6,0.7,0,0.05,Malawi_2025
Malawi,2026,23914217,7,13,TRUE,0.73,0.8,0.3968254,0.71,0.2,0.2,0.1660119,0.986,0,0,0,0,0,6.6,12.8,0.38,0.14,0.01,0.9,0.6,0.7,0,0.05,Malawi_2026
Malawi,2027,24564021,7,13,TRUE,0.76,0.83,0.3968254,0.72,0.2,0.2,0.1660119,0.986,0,0,0,0,0,6.6,12.8,0.38,0.14,0.01,0.9,0.6,0.7,0,0.05,Malawi_2027
Malawi,2028,25225545,7,13,TRUE,0.79,0.86,0.3968254,0.73,0.2,0.2,0.1660119,0.986,0,0,0,0,0,6.6,12.8,0.38,0.14,0.01,0.9,0.6,0.7,0,0.05,Malawi_2028
Malawi,2029,25897347,7,13,TRUE,0.82,0.89,0.3968254,0.74,0.2,0.2,0.1660119,0.986,0,0,0,0,0,6.6,12.8,0.38,0.14,0.01,0.9,0.6,0.7,0,0.05,Malawi_2029
Malawi,2030,26578247,7,13,TRUE,0.85,0.92,0.3968254,0.75,0.2,0.2,0.1660119,0.986,0,0,0,0,0,6.6,12.8,0.38,0.14,0.01,0.9,0.6,0.7,0,0.05,Malawi_2030
Mali,2024,22806188,10,16,TRUE,0.55,0.67,0.3968254,0.6,0.2,0.2,0.1660119,0.986,0,0,0,0,0,6.6,12.8,0.38,0.14,0.01,0.9,0.6,0.7,0,0.05,Mali_2024
Mali,2025,23475747,10,16,TRUE,0.65,0.77,0.3968254,0.7,0.2,0.2,0.1660119,0.986,0,0,0,0,0,6.6,12.8,0.38,0.14,0.01,0.9,0.6,0.7,0,0.05,Mali_2025
Mali,2026,24161496,10,16,TRUE,0.68,0.8,0.3968254,0.71,0.2,0.2,0.1660119,0.986,0,0,0,0,0,6.6,12.8,0.38,0.14,0.01,0.9,0.6,0.7,0,0.05,Mali_2026
Mali,2027,24862935,10,16,TRUE,0.71,0.83,0.3968254,0.72,0.2,0.2,0.1660119,0.986,0,0,0,0,0,6.6,12.8,0.38,0.14,0.01,0.9,0.6,0.7,0,0.05,Mali_2027
Mali,2028,25579703,10,16,TRUE,0.74,0.86,0.3968254,0.73,0.2,0.2,0.1660119,0.986,0,0,0,0,0,6.6,12.8,0.38,0.14,0.01,0.9,0.6,0.7,0,0.05,Mali_2028
Mali,2029,26311270,10,16,TRUE,0.77,0.89,0.3968254,0.74,0.2,0.2,0.1660119,0.986,0,0,0,0,0,6.6,12.8,0.38,0.14,0.01,0.9,0.6,0.7,0,0.05,Mali_2029
Mali,2030,27057112,10,16,TRUE,0.8,0.92,0.3968254,0.75,0.2,0.2,0.1660119,0.986,0,0,0,0,0,6.6,12.8,0.38,0.14,0.01,0.9,0.6,0.7,0,0.05,Mali_2030
Nigeria,2024,227963272,18,24,FALSE,0.6,0.67,0.3968254,0.6,0.2,0.2,0.1660119,0.986,0,0,0,0,0,6.6,12.8,0.38,0.14,0.01,0.9,0.6,0.7,0,0.05,Nigeria_2024
Nigeria,2025,233691888,18,24,FALSE,0.63,0.7,0.3968254,0.61,0.2,0.2,0.1660119,0.986,0,0,0,0,0,6.6,12.8,0.38,0.14,0.01,0.9,0.6,0.7,0,0.05,Nigeria_2025
Nigeria,2026,239535182,18,24,FALSE,0.66,0.73,0.3968254,0.62,0.2,0.2,0.1660119,0.986,0,0,0,0,0,6.6,12.8,0.38,0.14,0.01,0.9,0.6,0.7,0,0.05,Nigeria_2026
Nigeria,2027,245493375,18,24,FALSE,0.69,0.76,0.3968254,0.63,0.2,0.2,0.1660119,0.986,0,0,0,0,0,6.6,12.8,0.38,0.14,0.01,0.9,0.6,0.7,0,0.05,Nigeria_2027
Nigeria,2028,251567630,18,24,FALSE,0.72,0.79,0.3968254,0.64,0.2,0.2,0.1660119,0.986,0,0,0,0,0,6.6,12.8,0.38,0.14,0.01,0.9,0.6,0.7,0,0.05,Nigeria_2028
Nigeria,2029,257758923,18,24,FALSE,0.75,0.82,0.3968254,0.65,0.2,0.2,0.1660119,0.986,0,0,0,0,0,6.6,12.8,0.38,0.14,0.01,0.9,0.6,0.7,0,0.05,Nigeria_2029
Nigeria,2030,264067527,18,24,FALSE,0.78,0.85,0.3968254,0.66,0.2,0.2,0.1660119,0.986,0,0,0,0,0,6.6,12.8,0.38,0.14,0.01,0.9,0.6,0.7,0,0.05,Nigeria_2030
Pakistan,2024,223158203,9,16,FALSE,0.72,0.67,0.3968254,0.6,0.2,0.2,0.1660119,0.986,0,0,0,0,0,6.6,12.8,0.38,0.14,0.01,0.9,0.6,0.7,0,0.05,Pakistan_2024
Pakistan,2025,226767952,9,16,FALSE,0.75,0.7,0.3968254,0.61,0.2,0.2,0.1660119,0.986,0,0,0,0,0,6.6,12.8,0.38,0.14,0.01,0.9,0.6,0.7,0,0.05,Pakistan_2025
Pakistan,2026,230335982,9,16,FALSE,0.78,0.73,0.3968254,0.62,0.2,0.2,0.1660119,0.986,0,0,0,0,0,6.6,12.8,0.38,0.14,0.01,0.9,0.6,0.7,0,0.05,Pakistan_2026
Pakistan,2027,233862814,9,16,FALSE,0.81,0.76,0.3968254,0.63,0.2,0.2,0.1660119,0.986,0,0,0,0,0,6.6,12.8,0.38,0.14,0.01,0.9,0.6,0.7,0,0.05,Pakistan_2027
Pakistan,2028,237352889,9,16,FALSE,0.84,0.79,0.3968254,0.64,0.2,0.2,0.1660119,0.986,0,0,0,0,0,6.6,12.8,0.38,0.14,0.01,0.9,0.6,0.7,0,0.05,Pakistan_2028
Pakistan,2029,240812968,9,16,FALSE,0.87,0.82,0.3968254,0.65,0.2,0.2,0.1660119,0.986,0,0,0,0,0,6.6,12.8,0.38,0.14,0.01,0.9,0.6,0.7,0,0.05,Pakistan_2029
Pakistan,2030,244248371,9,16,FALSE,0.9,0.85,0.3968254,0.66,0.2,0.2,0.1660119,0.986,0,0,0,0,0,6.6,12.8,0.38,0.14,0.01,0.9,0.6,0.7,0,0.05,Pakistan_2030
Senegal,2024,19088521,10,16,TRUE,0.65,0.67,0.3968254,0.6,0.2,0.2,0.1660119,0.986,0,0,0,0,0,6.6,12.8,0.38,0.14,0.01,0.9,0.6,0.7,0,0.05,Senegal_2024
Senegal,2025,19576780,10,16,TRUE,0.75,0.77,0.3968254,0.7,0.2,0.2,0.1660119,0.986,0,0,0,0,0,6.6,12.8,0.38,0.14,0.01,0.9,0.6,0.7,0,0.05,Senegal_2025
Senegal,2026,20071771,10,16,TRUE,0.78,0.8,0.3968254,0.71,0.2,0.2,0.1660119,0.986,0,0,0,0,0,6.6,12.8,0.38,0.14,0.01,0.9,0.6,0.7,0,0.05,Senegal_2026
Senegal,2027,20573592,10,16,TRUE,0.81,0.83,0.3968254,0.72,0.2,0.2,0.1660119,0.986,0,0,0,0,0,6.6,12.8,0.38,0.14,0.01,0.9,0.6,0.7,0,0.05,Senegal_2027
Senegal,2028,21082543,10,16,TRUE,0.84,0.86,0.3968254,0.73,0.2,0.2,0.1660119,0.986,0,0,0,0,0,6.6,12.8,0.38,0.14,0.01,0.9,0.6,0.7,0,0.05,Senegal_2028
Senegal,2029,21599000,10,16,TRUE,0.87,0.89,0.3968254,0.74,0.2,0.2,0.1660119,0.986,0,0,0,0,0,6.6,12.8,0.38,0.14,0.01,0.9,0.6,0.7,0,0.05,Senegal_2029
Senegal,2030,22123230,10,16,TRUE,0.9,0.92,0.3968254,0.75,0.2,0.2,0.1660119,0.986,0,0,0,0,0,6.6,12.8,0.38,0.14,0.01,0.9,0.6,0.7,0,0.05,Senegal_2030
Tanzania,2024,70613532,25,35,TRUE,0.7,0.67,0.3968254,0.6,0.2,0.2,0.1660119,0.986,0,0,0,0,0,6.6,12.8,0.38,0.14,0.01,0.9,0.6,0.7,0,0.05,Tanzania_2024
Tanzania,2025,72681070,25,35,TRUE,0.8,0.77,0.3968254,0.7,0.2,0.2,0.1660119,0.986,0,0,0,0,0,6.6,12.8,0.38,0.14,0.01,0.9,0.6,0.7,0,0.05,Tanzania_2025
Tanzania,2026,74794078,25,35,TRUE,0.83,0.8,0.3968254,0.71,0.2,0.2,0.1660119,0.986,0,0,0,0,0,6.6,12.8,0.38,0.14,0.01,0.9,0.6,0.7,0,0.05,Tanzania_2026
Tanzania,2027,76952218,25,35,TRUE,0.86,0.83,0.3968254,0.72,0.2,0.2,0.1660119,0.986,0,0,0,0,0,6.6,12.8,0.38,0.14,0.01,0.9,0.6,0.7,0,0.05,Tanzania_2027
Tanzania,2028,79155997,25,35,TRUE,0.89,0.86,0.3968254,0.73,0.2,0.2,0.1660119,0.986,0,0,0,0,0,6.6,12.8,0.38,0.14,0.01,0.9,0.6,0.7,0,0.05,Tanzania_2028
Tanzania,2029,81405880,25,35,TRUE,0.9,0.89,0.3968254,0.74,0.2,0.2,0.1660119,0.986,0,0,0,0,0,6.6,12.8,0.38,0.14,0.01,0.9,0.6,0.7,0,0.05,Tanzania_2029
Tanzania,2030,83702053,25,35,TRUE,0.9,0.92,0.3968254,0.75,0.2,0.2,0.1660119,0.986,0,0,0,0,0,6.6,12.8,0.38,0.14,0.01,0.9,0.6,0.7,0,0.05,Tanzania_2030
Zambia,2024,20982764,13,19,TRUE,0.65,0.67,0.3968254,0.6,0.2,0.2,0.1660119,0.986,0,0,0,0,0,6.6,12.8,0.38,0.14,0.01,0.9,0.6,0.7,0,0.05,Zambia_2024
Zambia,2025,21593825,13,19,TRUE,0.75,0.77,0.3968254,0.7,0.2,0.2,0.1660119,0.986,0,0,0,0,0,6.6,12.8,0.38,0.14,0.01,0.9,0.6,0.7,0,0.05,Zambia_2025
Zambia,2026,22219440,13,19,TRUE,0.78,0.8,0.3968254,0.71,0.2,0.2,0.1660119,0.986,0,0,0,0,0,6.6,12.8,0.38,0.14,0.01,0.9,0.6,0.7,0,0.05,Zambia_2026
Zambia,2027,22859363,13,19,TRUE,0.81,0.83,0.3968254,0.72,0.2,0.2,0.1660119,0.986,0,0,0,0,0,6.6,12.8,0.38,0.14,0.01,0.9,0.6,0.7,0,0.05,Zambia_2027
Zambia,2028,23513109,13,19,TRUE,0.84,0.86,0.3968254,0.73,0.2,0.2,0.1660119,0.986,0,0,0,0,0,6.6,12.8,0.38,0.14,0.01,0.9,0.6,0.7,0,0.05,Zambia_2028
Zambia,2029,24179963,13,19,TRUE,0.87,0.89,0.3968254,0.74,0.2,0.2,0.1660119,0.986,0,0,0,0,0,6.6,12.8,0.38,0.14,0.01,0.9,0.6,0.7,0,0.05,Zambia_2029
Zambia,2030,24859376,13,19,TRUE,0.9,0.92,0.3968254,0.75,0.2,0.2,0.1660119,0.986,0,0,0,0,0,6.6,12.8,0.38,0.14,0.01,0.9,0.6,0.7,0,0.05,Zambia_2030