District,HDR_mean,lower_limit,upper_limit,hdr,population,,,,,https://www.citypopulation.de/en/tanzania/admin/05__morogoro/
Kilombero,21,7,63,"c(7,63)",612035,,"21 (7, 63)",,,add ifakara
Kilwa,55,18,166,"c(18,166)",297676,,"55 (18, 166)",,,
Lindi,83,27,257,"c(27,257)",340619,,"83 (27, 257)","68 (23, 205)",174126+166493,rural + municipal 
Liwale,43,14,132,"c(14,132)",136505,,"43 (14, 132)",,,
Masasi,42,14,127,"c(14,127)",314778,,"42 (14, 127)",,,
Morogoro,12,4,39,"c(4,39)",859145,,"12 (4, 39)","35 (12, 108)",471409+387736,rural + municipal
Newala,42,14,128,"c(14,128)",136939,,"42 (14, 128)",,,
Ruangwa,42,14,126,"c(14,126)",185573,,"42 (14, 126)",,,
Tandahimba,32,11,95,"c(11,95)",299073,,"32 (11, 95)",,,
Ulanga,18,6,53,"c(6,53)",458021,,"18 (6, 53)",,,malinyi ?