"","District_facility","Year_month","total_n","date_added"
"1","Bunda",2018-06-01,1,2018-06-01
"2","Bunda",2018-07-01,5,2018-06-01
"3","Bunda",2018-08-01,6,2018-06-01
"4","Bunda",2018-09-01,6,2018-06-01
"5","Bunda",2018-10-01,6,2018-06-01
"6","Bunda",2018-11-01,2,2018-06-01
"7","Bunda",2018-12-01,4,2018-06-01
"8","Bunda",2019-01-01,7,2018-06-01
"9","Bunda",2019-02-01,2,2018-06-01
"10","Bunda",2019-03-01,9,2018-06-01
"11","Bunda",2019-04-01,6,2018-06-01
"12","Bunda",2019-05-01,3,2018-06-01
"13","Bunda",2019-06-01,7,2018-06-01
"14","Bunda",2019-07-01,2,2018-06-01
"15","Bunda",2019-08-01,3,2018-06-01
"16","Bunda",2019-09-01,3,2018-06-01
"17","Bunda",2019-10-01,12,2018-06-01
"18","Bunda",2019-11-01,7,2018-06-01
"19","Bunda",2019-12-01,8,2018-06-01
"20","Bunda",2020-01-01,8,2018-06-01
"21","Bunda",2020-03-01,8,2018-06-01
"22","Bunda",2020-04-01,24,2018-06-01
"23","Bunda",2020-05-01,17,2018-06-01
"24","Bunda",2020-06-01,10,2018-06-01
"25","Bunda",2020-07-01,18,2018-06-01
"26","Bunda",2020-08-01,5,2018-06-01
"27","Bunda",2020-09-01,4,2018-06-01
"28","Bunda",2020-11-01,9,2018-06-01
"29","Bunda",2020-12-01,20,2018-06-01
"30","Bunda",2021-01-01,9,2018-06-01
"31","Bunda",2021-02-01,11,2018-06-01
"32","Bunda",2021-05-01,19,2018-06-01
"33","Bunda",2021-06-01,14,2018-06-01
"34","Bunda",2021-07-01,2,2018-06-01
"35","Bunda",2021-08-01,2,2018-06-01
"36","Bunda",2021-09-01,4,2018-06-01
"37","Bunda",2021-10-01,3,2018-06-01
"38","Bunda",2021-11-01,8,2018-06-01
"39","Bunda",2021-12-01,7,2018-06-01
"40","Bunda",2022-01-01,10,2018-06-01
"41","Bunda",2022-02-01,11,2018-06-01
"42","Bunda",2022-03-01,20,2018-06-01
"43","Bunda",2022-04-01,16,2018-06-01
"44","Bunda",2022-05-01,12,2018-06-01
"45","Bunda",2022-06-01,13,2018-06-01
"46","Bunda",2022-07-01,11,2018-06-01
"47","Bunda",2022-08-01,4,2018-06-01
"48","Bunda",2022-09-01,5,2018-06-01
"49","Bunda",2022-10-01,4,2018-06-01
"50","Bunda",2022-11-01,10,2018-06-01
"51","Bunda",2022-12-01,10,2018-06-01
"52","Bunda",2023-01-01,19,2018-06-01
"53","Bunda",2023-02-01,26,2018-06-01
"54","Bunda",2023-03-01,12,2018-06-01
"55","Bunda",2023-04-01,16,2018-06-01
"56","Bunda",2023-05-01,6,2018-06-01
"57","Bunda",2023-06-01,2,2018-06-01
"58","Bunda",2023-07-01,4,2018-06-01
"59","Bunda",2023-08-01,3,2018-06-01
"60","Bunda",2023-09-01,6,2018-06-01
"61","Bunda",2023-12-01,10,2018-06-01
"62","Butiama",2018-07-01,1,2018-06-01
"63","Butiama",2018-09-01,3,2018-06-01
"64","Butiama",2018-11-01,5,2018-06-01
"65","Butiama",2018-12-01,4,2018-06-01
"66","Butiama",2019-01-01,9,2018-06-01
"67","Butiama",2019-02-01,1,2018-06-01
"68","Butiama",2019-03-01,11,2018-06-01
"69","Butiama",2019-04-01,7,2018-06-01
"70","Butiama",2019-05-01,1,2018-06-01
"71","Butiama",2019-06-01,21,2018-06-01
"72","Butiama",2019-07-01,11,2018-06-01
"73","Butiama",2019-08-01,2,2018-06-01
"74","Butiama",2020-01-01,1,2018-06-01
"75","Butiama",2020-02-01,1,2018-06-01
"76","Butiama",2020-04-01,3,2018-06-01
"77","Butiama",2020-05-01,5,2018-06-01
"78","Butiama",2020-06-01,2,2018-06-01
"79","Butiama",2020-11-01,4,2018-06-01
"80","Butiama",2020-12-01,10,2018-06-01
"81","Butiama",2021-01-01,5,2018-06-01
"82","Butiama",2021-02-01,4,2018-06-01
"83","Butiama",2021-03-01,5,2018-06-01
"84","Butiama",2021-04-01,4,2018-06-01
"85","Butiama",2021-05-01,3,2018-06-01
"86","Butiama",2021-07-01,1,2018-06-01
"87","Butiama",2021-08-01,4,2018-06-01
"88","Butiama",2021-09-01,4,2018-06-01
"89","Butiama",2021-10-01,2,2018-06-01
"90","Butiama",2021-11-01,6,2018-06-01
"91","Butiama",2021-12-01,2,2018-06-01
"92","Butiama",2022-01-01,5,2018-06-01
"93","Butiama",2022-02-01,7,2018-06-01
"94","Butiama",2022-03-01,10,2018-06-01
"95","Butiama",2022-04-01,5,2018-06-01
"96","Butiama",2022-05-01,7,2018-06-01
"97","Butiama",2022-06-01,15,2018-06-01
"98","Butiama",2022-07-01,15,2018-06-01
"99","Butiama",2022-08-01,7,2018-06-01
"100","Butiama",2022-09-01,9,2018-06-01
"101","Butiama",2022-10-01,5,2018-06-01
"102","Butiama",2022-11-01,5,2018-06-01
"103","Butiama",2022-12-01,4,2018-06-01
"104","Butiama",2023-01-01,4,2018-06-01
"105","Butiama",2023-02-01,1,2018-06-01
"106","Butiama",2023-03-01,1,2018-06-01
"107","Butiama",2023-05-01,8,2018-06-01
"108","Butiama",2023-06-01,1,2018-06-01
"109","Butiama",2023-07-01,3,2018-06-01
"110","Butiama",2023-08-01,1,2018-06-01
"111","Butiama",2023-09-01,2,2018-06-01
"112","Butiama",2023-10-01,3,2018-06-01
"113","Butiama",2023-11-01,5,2018-06-01
"114","Butiama",2023-12-01,1,2018-06-01
"115","Kilombero",2018-08-01,13,2018-06-01
"116","Kilombero",2018-09-01,3,2018-06-01
"117","Kilombero",2018-11-01,4,2018-06-01
"118","Kilombero",2018-12-01,7,2018-06-01
"119","Kilombero",2019-01-01,9,2018-06-01
"120","Kilombero",2019-02-01,12,2018-06-01
"121","Kilombero",2019-03-01,10,2018-06-01
"122","Kilombero",2019-04-01,8,2018-06-01
"123","Kilombero",2019-05-01,5,2018-06-01
"124","Kilombero",2019-06-01,1,2018-06-01
"125","Kilombero",2019-07-01,3,2018-06-01
"126","Kilombero",2019-08-01,2,2018-06-01
"127","Kilombero",2019-09-01,12,2018-06-01
"128","Kilombero",2019-10-01,10,2018-06-01
"129","Kilombero",2019-11-01,3,2018-06-01
"130","Kilombero",2019-12-01,14,2018-06-01
"131","Kilombero",2020-01-01,3,2018-06-01
"132","Kilombero",2020-02-01,15,2018-06-01
"133","Kilombero",2020-03-01,13,2018-06-01
"134","Kilombero",2020-04-01,2,2018-06-01
"135","Kilombero",2020-05-01,2,2018-06-01
"136","Kilombero",2020-06-01,3,2018-06-01
"137","Kilombero",2020-07-01,2,2018-06-01
"138","Kilombero",2020-08-01,31,2018-06-01
"139","Kilombero",2020-09-01,44,2018-06-01
"140","Kilombero",2020-10-01,20,2018-06-01
"141","Kilombero",2020-11-01,16,2018-06-01
"142","Kilombero",2020-12-01,1,2018-06-01
"143","Kilombero",2021-01-01,2,2018-06-01
"144","Kilombero",2021-02-01,4,2018-06-01
"145","Kilombero",2021-05-01,1,2018-06-01
"146","Kilombero",2021-06-01,3,2018-06-01
"147","Kilombero",2021-07-01,29,2018-06-01
"148","Kilombero",2021-08-01,13,2018-06-01
"149","Kilombero",2021-09-01,30,2018-06-01
"150","Kilombero",2021-10-01,11,2018-06-01
"151","Kilombero",2021-11-01,26,2018-06-01
"152","Kilombero",2021-12-01,2,2018-06-01
"153","Kilombero",2022-01-01,7,2018-06-01
"154","Kilombero",2022-02-01,4,2018-06-01
"155","Kilombero",2022-03-01,3,2018-06-01
"156","Kilombero",2022-04-01,3,2018-06-01
"157","Kilombero",2022-05-01,10,2018-06-01
"158","Kilombero",2022-06-01,24,2018-06-01
"159","Kilombero",2022-07-01,41,2018-06-01
"160","Kilombero",2022-08-01,30,2018-06-01
"161","Kilombero",2022-09-01,19,2018-06-01
"162","Kilombero",2022-10-01,31,2018-06-01
"163","Kilombero",2022-11-01,13,2018-06-01
"164","Kilombero",2022-12-01,14,2018-06-01
"165","Kilombero",2023-01-01,13,2018-06-01
"166","Kilombero",2023-02-01,13,2018-06-01
"167","Kilombero",2023-03-01,6,2018-06-01
"168","Kilombero",2023-04-01,5,2018-06-01
"169","Kilombero",2023-05-01,17,2018-06-01
"170","Kilombero",2023-06-01,5,2018-06-01
"171","Kilombero",2023-07-01,9,2018-06-01
"172","Kilombero",2023-08-01,16,2018-06-01
"173","Kilombero",2023-09-01,11,2018-06-01
"174","Kilombero",2023-10-01,19,2018-06-01
"175","Kilombero",2023-11-01,11,2018-06-01
"176","Kilombero",2023-12-01,6,2018-06-01
"177","Kilosa",2018-06-01,3,2018-06-01
"178","Kilosa",2018-07-01,3,2018-06-01
"179","Kilosa",2018-08-01,18,2018-06-01
"180","Kilosa",2018-09-01,20,2018-06-01
"181","Kilosa",2018-10-01,6,2018-06-01
"182","Kilosa",2018-11-01,1,2018-06-01
"183","Kilosa",2018-12-01,2,2018-06-01
"184","Kilosa",2019-02-01,3,2018-06-01
"185","Kilosa",2019-03-01,2,2018-06-01
"186","Kilosa",2019-06-01,1,2018-06-01
"187","Kilosa",2019-07-01,2,2018-06-01
"188","Kilosa",2019-11-01,1,2018-06-01
"189","Kilosa",2020-06-01,1,2018-06-01
"190","Kilosa",2020-08-01,10,2018-06-01
"191","Kilosa",2020-09-01,10,2018-06-01
"192","Kilosa",2020-10-01,17,2018-06-01
"193","Kilosa",2020-11-01,7,2018-06-01
"194","Kilosa",2020-12-01,5,2018-06-01
"195","Kilosa",2021-01-01,7,2018-06-01
"196","Kilosa",2021-02-01,2,2018-06-01
"197","Kilosa",2021-04-01,2,2018-06-01
"198","Kilosa",2021-05-01,4,2018-06-01
"199","Kilosa",2021-06-01,1,2018-06-01
"200","Kilosa",2021-07-01,6,2018-06-01
"201","Kilosa",2021-08-01,8,2018-06-01
"202","Kilosa",2021-09-01,1,2018-06-01
"203","Kilosa",2021-10-01,1,2018-06-01
"204","Kilosa",2021-11-01,4,2018-06-01
"205","Kilosa",2022-01-01,3,2018-06-01
"206","Kilosa",2022-02-01,9,2018-06-01
"207","Kilosa",2022-03-01,4,2018-06-01
"208","Kilosa",2022-04-01,23,2018-06-01
"209","Kilosa",2022-05-01,18,2018-06-01
"210","Kilosa",2022-06-01,34,2018-06-01
"211","Kilosa",2022-07-01,13,2018-06-01
"212","Kilosa",2022-08-01,12,2018-06-01
"213","Kilosa",2022-09-01,16,2018-06-01
"214","Kilosa",2022-10-01,16,2018-06-01
"215","Kilosa",2022-11-01,1,2018-06-01
"216","Kilosa",2023-01-01,6,2018-06-01
"217","Kilosa",2023-02-01,8,2018-06-01
"218","Kilosa",2023-03-01,4,2018-06-01
"219","Kilosa",2023-04-01,4,2018-06-01
"220","Kilosa",2023-06-01,11,2018-06-01
"221","Kilosa",2023-07-01,3,2018-06-01
"222","Kilosa",2023-08-01,3,2018-06-01
"223","Kilosa",2023-10-01,8,2018-06-01
"224","Kilosa",2023-11-01,5,2018-06-01
"225","Kilosa",2023-12-01,3,2018-06-01
"226","Kilwa",2018-08-01,10,2018-06-01
"227","Kilwa",2018-09-01,9,2018-06-01
"228","Kilwa",2018-10-01,1,2018-06-01
"229","Kilwa",2018-11-01,8,2018-06-01
"230","Kilwa",2018-12-01,7,2018-06-01
"231","Kilwa",2019-01-01,4,2018-06-01
"232","Kilwa",2019-02-01,5,2018-06-01
"233","Kilwa",2019-03-01,13,2018-06-01
"234","Kilwa",2019-04-01,13,2018-06-01
"235","Kilwa",2019-05-01,1,2018-06-01
"236","Kilwa",2019-06-01,10,2018-06-01
"237","Kilwa",2019-07-01,9,2018-06-01
"238","Kilwa",2019-08-01,9,2018-06-01
"239","Kilwa",2019-09-01,15,2018-06-01
"240","Kilwa",2019-10-01,29,2018-06-01
"241","Kilwa",2019-11-01,17,2018-06-01
"242","Kilwa",2019-12-01,9,2018-06-01
"243","Kilwa",2020-01-01,3,2018-06-01
"244","Kilwa",2020-02-01,9,2018-06-01
"245","Kilwa",2020-03-01,4,2018-06-01
"246","Kilwa",2020-04-01,10,2018-06-01
"247","Kilwa",2020-05-01,7,2018-06-01
"248","Kilwa",2020-06-01,3,2018-06-01
"249","Kilwa",2020-07-01,8,2018-06-01
"250","Kilwa",2020-08-01,12,2018-06-01
"251","Kilwa",2020-09-01,3,2018-06-01
"252","Kilwa",2020-10-01,3,2018-06-01
"253","Kilwa",2020-11-01,2,2018-06-01
"254","Kilwa",2020-12-01,6,2018-06-01
"255","Kilwa",2021-02-01,5,2018-06-01
"256","Kilwa",2021-03-01,2,2018-06-01
"257","Kilwa",2021-04-01,1,2018-06-01
"258","Kilwa",2021-05-01,3,2018-06-01
"259","Kilwa",2021-06-01,2,2018-06-01
"260","Kilwa",2021-07-01,4,2018-06-01
"261","Kilwa",2021-08-01,5,2018-06-01
"262","Kilwa",2021-09-01,3,2018-06-01
"263","Kilwa",2021-10-01,19,2018-06-01
"264","Kilwa",2021-11-01,11,2018-06-01
"265","Kilwa",2022-01-01,1,2018-06-01
"266","Kilwa",2022-02-01,2,2018-06-01
"267","Kilwa",2022-03-01,8,2018-06-01
"268","Kilwa",2022-04-01,14,2018-06-01
"269","Kilwa",2022-05-01,15,2018-06-01
"270","Kilwa",2022-06-01,11,2018-06-01
"271","Kilwa",2022-07-01,34,2018-06-01
"272","Kilwa",2022-08-01,44,2018-06-01
"273","Kilwa",2022-09-01,25,2018-06-01
"274","Kilwa",2022-10-01,20,2018-06-01
"275","Kilwa",2022-11-01,17,2018-06-01
"276","Kilwa",2022-12-01,12,2018-06-01
"277","Kilwa",2023-01-01,10,2018-06-01
"278","Kilwa",2023-02-01,9,2018-06-01
"279","Kilwa",2023-03-01,12,2018-06-01
"280","Kilwa",2023-04-01,11,2018-06-01
"281","Kilwa",2023-05-01,6,2018-06-01
"282","Kilwa",2023-06-01,6,2018-06-01
"283","Kilwa",2023-07-01,16,2018-06-01
"284","Kilwa",2023-08-01,9,2018-06-01
"285","Kilwa",2023-09-01,1,2018-06-01
"286","Kilwa",2023-10-01,18,2018-06-01
"287","Kilwa",2023-11-01,6,2018-06-01
"288","Kilwa",2023-12-01,6,2018-06-01
"289","Lindi",2018-08-01,4,2018-06-01
"290","Lindi",2018-09-01,2,2018-06-01
"291","Lindi",2018-12-01,1,2018-06-01
"292","Lindi",2019-01-01,1,2018-06-01
"293","Lindi",2019-02-01,1,2018-06-01
"294","Lindi",2019-03-01,2,2018-06-01
"295","Lindi",2019-04-01,3,2018-06-01
"296","Lindi",2019-05-01,1,2018-06-01
"297","Lindi",2019-07-01,1,2018-06-01
"298","Lindi",2019-08-01,2,2018-06-01
"299","Lindi",2019-10-01,1,2018-06-01
"300","Lindi",2019-11-01,1,2018-06-01
"301","Lindi",2019-12-01,1,2018-06-01
"302","Lindi",2020-01-01,4,2018-06-01
"303","Lindi",2020-02-01,4,2018-06-01
"304","Lindi",2020-03-01,1,2018-06-01
"305","Lindi",2020-06-01,4,2018-06-01
"306","Lindi",2020-07-01,5,2018-06-01
"307","Lindi",2020-08-01,2,2018-06-01
"308","Lindi",2020-09-01,5,2018-06-01
"309","Lindi",2020-10-01,1,2018-06-01
"310","Lindi",2020-11-01,1,2018-06-01
"311","Lindi",2021-01-01,2,2018-06-01
"312","Lindi",2021-02-01,3,2018-06-01
"313","Lindi",2021-03-01,4,2018-06-01
"314","Lindi",2021-04-01,2,2018-06-01
"315","Lindi",2021-06-01,1,2018-06-01
"316","Lindi",2021-07-01,2,2018-06-01
"317","Lindi",2021-08-01,2,2018-06-01
"318","Lindi",2021-09-01,3,2018-06-01
"319","Lindi",2021-10-01,3,2018-06-01
"320","Lindi",2021-11-01,4,2018-06-01
"321","Lindi",2022-01-01,7,2018-06-01
"322","Lindi",2022-02-01,1,2018-06-01
"323","Lindi",2022-03-01,2,2018-06-01
"324","Lindi",2022-05-01,1,2018-06-01
"325","Lindi",2022-06-01,2,2018-06-01
"326","Lindi",2022-07-01,3,2018-06-01
"327","Lindi",2022-08-01,4,2018-06-01
"328","Lindi",2022-10-01,10,2018-06-01
"329","Lindi",2022-11-01,8,2018-06-01
"330","Lindi",2022-12-01,13,2018-06-01
"331","Lindi",2023-01-01,16,2018-06-01
"332","Lindi",2023-02-01,6,2018-06-01
"333","Lindi",2023-03-01,3,2018-06-01
"334","Lindi",2023-04-01,12,2018-06-01
"335","Lindi",2023-05-01,9,2018-06-01
"336","Lindi",2023-06-01,10,2018-06-01
"337","Lindi",2023-07-01,6,2018-06-01
"338","Lindi",2023-08-01,11,2018-06-01
"339","Lindi",2023-10-01,9,2018-06-01
"340","Lindi",2023-11-01,6,2018-06-01
"341","Lindi",2023-12-01,4,2018-06-01
"342","Liwale",2018-07-01,3,2018-06-01
"343","Liwale",2018-08-01,1,2018-06-01
"344","Liwale",2018-11-01,4,2018-06-01
"345","Liwale",2019-08-01,1,2018-06-01
"346","Liwale",2019-09-01,1,2018-06-01
"347","Liwale",2021-08-01,2,2018-06-01
"348","Liwale",2021-09-01,3,2018-06-01
"349","Liwale",2021-10-01,6,2018-06-01
"350","Liwale",2021-12-01,1,2018-06-01
"351","Liwale",2022-01-01,1,2018-06-01
"352","Liwale",2022-02-01,4,2018-06-01
"353","Liwale",2022-03-01,2,2018-06-01
"354","Liwale",2022-04-01,2,2018-06-01
"355","Liwale",2022-05-01,1,2018-06-01
"356","Liwale",2022-06-01,1,2018-06-01
"357","Liwale",2022-09-01,3,2018-06-01
"358","Liwale",2022-10-01,3,2018-06-01
"359","Liwale",2022-11-01,7,2018-06-01
"360","Liwale",2022-12-01,1,2018-06-01
"361","Liwale",2023-01-01,1,2018-06-01
"362","Liwale",2023-02-01,2,2018-06-01
"363","Liwale",2023-03-01,1,2018-06-01
"364","Liwale",2023-04-01,3,2018-06-01
"365","Liwale",2023-05-01,1,2018-06-01
"366","Liwale",2023-06-01,2,2018-06-01
"367","Liwale",2023-07-01,1,2018-06-01
"368","Liwale",2023-08-01,2,2018-06-01
"369","Liwale",2023-09-01,2,2018-06-01
"370","Liwale",2023-10-01,6,2018-06-01
"371","Liwale",2023-11-01,1,2018-06-01
"372","Malinyi",2018-08-01,4,2018-06-01
"373","Malinyi",2018-09-01,3,2018-06-01
"374","Malinyi",2018-11-01,18,2018-06-01
"375","Malinyi",2019-01-01,3,2018-06-01
"376","Malinyi",2019-02-01,1,2018-06-01
"377","Malinyi",2019-06-01,3,2018-06-01
"378","Malinyi",2019-10-01,4,2018-06-01
"379","Malinyi",2019-11-01,3,2018-06-01
"380","Malinyi",2019-12-01,2,2018-06-01
"381","Malinyi",2020-01-01,1,2018-06-01
"382","Malinyi",2020-03-01,1,2018-06-01
"383","Malinyi",2020-04-01,1,2018-06-01
"384","Malinyi",2020-06-01,1,2018-06-01
"385","Malinyi",2020-07-01,6,2018-06-01
"386","Malinyi",2020-08-01,4,2018-06-01
"387","Malinyi",2021-01-01,3,2018-06-01
"388","Malinyi",2021-02-01,1,2018-06-01
"389","Malinyi",2021-03-01,1,2018-06-01
"390","Malinyi",2021-04-01,3,2018-06-01
"391","Malinyi",2021-05-01,1,2018-06-01
"392","Malinyi",2022-01-01,1,2018-06-01
"393","Malinyi",2022-07-01,2,2018-06-01
"394","Malinyi",2022-08-01,2,2018-06-01
"395","Malinyi",2023-01-01,4,2018-06-01
"396","Malinyi",2023-03-01,1,2018-06-01
"397","Malinyi",2023-04-01,2,2018-06-01
"398","Malinyi",2023-05-01,2,2018-06-01
"399","Malinyi",2023-07-01,1,2018-06-01
"400","Malinyi",2023-09-01,1,2018-06-01
"401","Malinyi",2023-12-01,1,2018-06-01
"402","Masasi",2018-06-01,1,2018-06-01
"403","Masasi",2019-01-01,7,2018-06-01
"404","Masasi",2019-02-01,3,2018-06-01
"405","Masasi",2019-03-01,1,2018-06-01
"406","Masasi",2019-04-01,1,2018-06-01
"407","Masasi",2019-05-01,1,2018-06-01
"408","Masasi",2019-06-01,3,2018-06-01
"409","Masasi",2019-07-01,1,2018-06-01
"410","Masasi",2019-09-01,6,2018-06-01
"411","Masasi",2019-11-01,1,2018-06-01
"412","Masasi",2020-03-01,6,2018-06-01
"413","Masasi",2020-08-01,3,2018-06-01
"414","Masasi",2020-09-01,2,2018-06-01
"415","Masasi",2020-10-01,2,2018-06-01
"416","Masasi",2020-11-01,2,2018-06-01
"417","Masasi",2020-12-01,1,2018-06-01
"418","Masasi",2021-02-01,2,2018-06-01
"419","Masasi",2021-03-01,3,2018-06-01
"420","Masasi",2021-04-01,2,2018-06-01
"421","Masasi",2021-08-01,1,2018-06-01
"422","Masasi",2021-09-01,2,2018-06-01
"423","Masasi",2021-10-01,1,2018-06-01
"424","Masasi",2022-01-01,5,2018-06-01
"425","Masasi",2022-02-01,2,2018-06-01
"426","Masasi",2022-03-01,5,2018-06-01
"427","Masasi",2022-04-01,5,2018-06-01
"428","Masasi",2022-06-01,2,2018-06-01
"429","Masasi",2022-07-01,2,2018-06-01
"430","Masasi",2022-08-01,1,2018-06-01
"431","Masasi",2022-09-01,1,2018-06-01
"432","Masasi",2022-10-01,8,2018-06-01
"433","Masasi",2022-11-01,4,2018-06-01
"434","Masasi",2023-01-01,5,2018-06-01
"435","Masasi",2023-02-01,1,2018-06-01
"436","Masasi",2023-04-01,2,2018-06-01
"437","Masasi",2023-05-01,1,2018-06-01
"438","Masasi",2023-08-01,1,2018-06-01
"439","Morogoro",2018-07-01,1,2018-06-01
"440","Morogoro",2019-02-01,33,2018-06-01
"441","Morogoro",2019-03-01,30,2018-06-01
"442","Morogoro",2019-04-01,19,2018-06-01
"443","Morogoro",2019-05-01,45,2018-06-01
"444","Morogoro",2019-06-01,52,2018-06-01
"445","Morogoro",2019-07-01,22,2018-06-01
"446","Morogoro",2019-08-01,29,2018-06-01
"447","Morogoro",2019-09-01,6,2018-06-01
"448","Morogoro",2019-10-01,3,2018-06-01
"449","Morogoro",2019-11-01,22,2018-06-01
"450","Morogoro",2019-12-01,18,2018-06-01
"451","Morogoro",2020-01-01,15,2018-06-01
"452","Morogoro",2020-02-01,16,2018-06-01
"453","Morogoro",2020-03-01,39,2018-06-01
"454","Morogoro",2020-04-01,5,2018-06-01
"455","Morogoro",2020-05-01,8,2018-06-01
"456","Morogoro",2020-06-01,37,2018-06-01
"457","Morogoro",2020-07-01,33,2018-06-01
"458","Morogoro",2020-08-01,38,2018-06-01
"459","Morogoro",2020-09-01,45,2018-06-01
"460","Morogoro",2020-10-01,27,2018-06-01
"461","Morogoro",2020-11-01,28,2018-06-01
"462","Morogoro",2020-12-01,12,2018-06-01
"463","Morogoro",2021-01-01,12,2018-06-01
"464","Morogoro",2021-02-01,8,2018-06-01
"465","Morogoro",2021-03-01,15,2018-06-01
"466","Morogoro",2021-04-01,25,2018-06-01
"467","Morogoro",2021-05-01,31,2018-06-01
"468","Morogoro",2021-06-01,28,2018-06-01
"469","Morogoro",2021-07-01,22,2018-06-01
"470","Morogoro",2021-08-01,20,2018-06-01
"471","Morogoro",2021-09-01,12,2018-06-01
"472","Morogoro",2021-10-01,23,2018-06-01
"473","Morogoro",2021-11-01,39,2018-06-01
"474","Morogoro",2021-12-01,27,2018-06-01
"475","Morogoro",2022-01-01,53,2018-06-01
"476","Morogoro",2022-02-01,23,2018-06-01
"477","Morogoro",2022-03-01,16,2018-06-01
"478","Morogoro",2022-04-01,21,2018-06-01
"479","Morogoro",2022-05-01,26,2018-06-01
"480","Morogoro",2022-06-01,26,2018-06-01
"481","Morogoro",2022-07-01,30,2018-06-01
"482","Morogoro",2022-08-01,27,2018-06-01
"483","Morogoro",2022-09-01,6,2018-06-01
"484","Morogoro",2022-10-01,40,2018-06-01
"485","Morogoro",2022-11-01,15,2018-06-01
"486","Morogoro",2022-12-01,18,2018-06-01
"487","Morogoro",2023-01-01,24,2018-06-01
"488","Morogoro",2023-02-01,29,2018-06-01
"489","Morogoro",2023-03-01,13,2018-06-01
"490","Morogoro",2023-04-01,12,2018-06-01
"491","Morogoro",2023-05-01,24,2018-06-01
"492","Morogoro",2023-06-01,10,2018-06-01
"493","Morogoro",2023-07-01,30,2018-06-01
"494","Morogoro",2023-08-01,54,2018-06-01
"495","Morogoro",2023-09-01,16,2018-06-01
"496","Morogoro",2023-10-01,14,2018-06-01
"497","Morogoro",2023-11-01,7,2018-06-01
"498","Morogoro",2023-12-01,12,2018-06-01
"499","Mtwara",2018-08-01,1,2018-06-01
"500","Mtwara",2018-10-01,4,2018-06-01
"501","Mtwara",2018-12-01,1,2018-06-01
"502","Mtwara",2019-01-01,3,2018-06-01
"503","Mtwara",2019-02-01,2,2018-06-01
"504","Mtwara",2019-03-01,5,2018-06-01
"505","Mtwara",2019-04-01,1,2018-06-01
"506","Mtwara",2020-09-01,2,2018-06-01
"507","Mtwara",2020-10-01,2,2018-06-01
"508","Mtwara",2020-11-01,4,2018-06-01
"509","Mtwara",2021-01-01,5,2018-06-01
"510","Mtwara",2021-02-01,11,2018-06-01
"511","Mtwara",2021-03-01,9,2018-06-01
"512","Mtwara",2021-04-01,9,2018-06-01
"513","Mtwara",2021-07-01,1,2018-06-01
"514","Mtwara",2021-08-01,2,2018-06-01
"515","Mtwara",2021-10-01,3,2018-06-01
"516","Mtwara",2021-11-01,4,2018-06-01
"517","Mtwara",2022-02-01,2,2018-06-01
"518","Mtwara",2022-03-01,2,2018-06-01
"519","Mtwara",2022-04-01,1,2018-06-01
"520","Mtwara",2022-05-01,2,2018-06-01
"521","Mtwara",2022-06-01,7,2018-06-01
"522","Mtwara",2022-07-01,6,2018-06-01
"523","Mtwara",2022-08-01,10,2018-06-01
"524","Mtwara",2022-09-01,14,2018-06-01
"525","Mtwara",2022-12-01,1,2018-06-01
"526","Mtwara",2023-01-01,1,2018-06-01
"527","Mtwara",2023-02-01,3,2018-06-01
"528","Mtwara",2023-03-01,1,2018-06-01
"529","Mtwara",2023-04-01,2,2018-06-01
"530","Mtwara",2023-05-01,3,2018-06-01
"531","Mtwara",2023-06-01,3,2018-06-01
"532","Mtwara",2023-07-01,1,2018-06-01
"533","Mtwara",2023-08-01,1,2018-06-01
"534","Mtwara",2023-10-01,3,2018-06-01
"535","Mtwara",2023-11-01,3,2018-06-01
"536","Mtwara",2023-12-01,1,2018-06-01
"537","Musoma",2018-08-01,3,2018-06-01
"538","Musoma",2018-09-01,5,2018-06-01
"539","Musoma",2018-11-01,1,2018-06-01
"540","Musoma",2018-12-01,1,2018-06-01
"541","Musoma",2019-03-01,2,2018-06-01
"542","Musoma",2019-05-01,8,2018-06-01
"543","Musoma",2019-07-01,1,2018-06-01
"544","Musoma",2019-09-01,5,2018-06-01
"545","Musoma",2019-10-01,2,2018-06-01
"546","Musoma",2019-12-01,2,2018-06-01
"547","Musoma",2020-01-01,8,2018-06-01
"548","Musoma",2020-02-01,9,2018-06-01
"549","Musoma",2020-03-01,1,2018-06-01
"550","Musoma",2020-04-01,1,2018-06-01
"551","Musoma",2020-07-01,5,2018-06-01
"552","Musoma",2020-09-01,4,2018-06-01
"553","Musoma",2020-10-01,5,2018-06-01
"554","Musoma",2020-11-01,7,2018-06-01
"555","Musoma",2020-12-01,6,2018-06-01
"556","Musoma",2021-01-01,7,2018-06-01
"557","Musoma",2021-02-01,7,2018-06-01
"558","Musoma",2021-03-01,2,2018-06-01
"559","Musoma",2021-05-01,2,2018-06-01
"560","Musoma",2021-06-01,2,2018-06-01
"561","Musoma",2021-07-01,5,2018-06-01
"562","Musoma",2021-08-01,5,2018-06-01
"563","Musoma",2021-09-01,9,2018-06-01
"564","Musoma",2021-10-01,3,2018-06-01
"565","Musoma",2021-11-01,10,2018-06-01
"566","Musoma",2021-12-01,8,2018-06-01
"567","Musoma",2022-03-01,10,2018-06-01
"568","Musoma",2022-04-01,7,2018-06-01
"569","Musoma",2022-05-01,2,2018-06-01
"570","Musoma",2022-06-01,8,2018-06-01
"571","Musoma",2022-07-01,14,2018-06-01
"572","Musoma",2022-08-01,1,2018-06-01
"573","Musoma",2022-09-01,3,2018-06-01
"574","Musoma",2022-10-01,7,2018-06-01
"575","Musoma",2022-11-01,1,2018-06-01
"576","Musoma",2022-12-01,8,2018-06-01
"577","Musoma",2023-01-01,9,2018-06-01
"578","Musoma",2023-02-01,3,2018-06-01
"579","Musoma",2023-03-01,5,2018-06-01
"580","Musoma",2023-04-01,1,2018-06-01
"581","Musoma",2023-05-01,4,2018-06-01
"582","Musoma",2023-06-01,2,2018-06-01
"583","Musoma",2023-07-01,5,2018-06-01
"584","Musoma",2023-08-01,2,2018-06-01
"585","Musoma",2023-09-01,10,2018-06-01
"586","Musoma",2023-11-01,1,2018-06-01
"587","Musoma",2023-12-01,10,2018-06-01
"588","Nachingwea",2018-06-01,1,2018-06-01
"589","Nachingwea",2018-07-01,4,2018-06-01
"590","Nachingwea",2018-08-01,5,2018-06-01
"591","Nachingwea",2018-09-01,1,2018-06-01
"592","Nachingwea",2018-10-01,7,2018-06-01
"593","Nachingwea",2018-11-01,3,2018-06-01
"594","Nachingwea",2019-02-01,2,2018-06-01
"595","Nachingwea",2019-07-01,1,2018-06-01
"596","Nachingwea",2019-09-01,1,2018-06-01
"597","Nachingwea",2019-10-01,1,2018-06-01
"598","Nachingwea",2019-11-01,1,2018-06-01
"599","Nachingwea",2019-12-01,1,2018-06-01
"600","Nachingwea",2020-01-01,2,2018-06-01
"601","Nachingwea",2020-03-01,6,2018-06-01
"602","Nachingwea",2020-04-01,2,2018-06-01
"603","Nachingwea",2020-08-01,1,2018-06-01
"604","Nachingwea",2020-09-01,1,2018-06-01
"605","Nachingwea",2020-10-01,3,2018-06-01
"606","Nachingwea",2020-11-01,1,2018-06-01
"607","Nachingwea",2021-01-01,2,2018-06-01
"608","Nachingwea",2021-02-01,2,2018-06-01
"609","Nachingwea",2021-03-01,1,2018-06-01
"610","Nachingwea",2021-04-01,2,2018-06-01
"611","Nachingwea",2021-05-01,2,2018-06-01
"612","Nachingwea",2021-06-01,2,2018-06-01
"613","Nachingwea",2021-10-01,2,2018-06-01
"614","Nachingwea",2022-02-01,2,2018-06-01
"615","Nachingwea",2022-03-01,3,2018-06-01
"616","Nachingwea",2022-04-01,5,2018-06-01
"617","Nachingwea",2022-05-01,7,2018-06-01
"618","Nachingwea",2022-06-01,1,2018-06-01
"619","Nachingwea",2022-07-01,1,2018-06-01
"620","Nachingwea",2022-08-01,2,2018-06-01
"621","Nachingwea",2022-10-01,1,2018-06-01
"622","Nachingwea",2022-11-01,4,2018-06-01
"623","Nachingwea",2022-12-01,1,2018-06-01
"624","Nachingwea",2023-01-01,1,2018-06-01
"625","Nachingwea",2023-04-01,2,2018-06-01
"626","Nachingwea",2023-05-01,5,2018-06-01
"627","Nachingwea",2023-06-01,1,2018-06-01
"628","Nachingwea",2023-08-01,3,2018-06-01
"629","Nachingwea",2023-09-01,1,2018-06-01
"630","Nachingwea",2023-11-01,6,2018-06-01
"631","Nachingwea",2023-12-01,1,2018-06-01
"632","Nanyumbu",2018-07-01,1,2018-06-01
"633","Nanyumbu",2018-08-01,1,2018-06-01
"634","Nanyumbu",2018-09-01,2,2018-06-01
"635","Nanyumbu",2018-10-01,1,2018-06-01
"636","Nanyumbu",2018-12-01,1,2018-06-01
"637","Nanyumbu",2019-01-01,1,2018-06-01
"638","Nanyumbu",2019-04-01,2,2018-06-01
"639","Nanyumbu",2019-05-01,2,2018-06-01
"640","Nanyumbu",2020-09-01,3,2018-06-01
"641","Nanyumbu",2021-08-01,1,2018-06-01
"642","Nanyumbu",2021-09-01,4,2018-06-01
"643","Nanyumbu",2021-10-01,1,2018-06-01
"644","Nanyumbu",2021-11-01,1,2018-06-01
"645","Nanyumbu",2021-12-01,5,2018-06-01
"646","Nanyumbu",2022-01-01,3,2018-06-01
"647","Nanyumbu",2022-03-01,3,2018-06-01
"648","Nanyumbu",2022-05-01,3,2018-06-01
"649","Nanyumbu",2022-06-01,11,2018-06-01
"650","Nanyumbu",2022-07-01,3,2018-06-01
"651","Nanyumbu",2022-08-01,4,2018-06-01
"652","Nanyumbu",2022-10-01,1,2018-06-01
"653","Nanyumbu",2022-12-01,1,2018-06-01
"654","Nanyumbu",2023-01-01,1,2018-06-01
"655","Nanyumbu",2023-02-01,1,2018-06-01
"656","Nanyumbu",2023-04-01,1,2018-06-01
"657","Nanyumbu",2023-05-01,2,2018-06-01
"658","Nanyumbu",2023-06-01,2,2018-06-01
"659","Nanyumbu",2023-07-01,2,2018-06-01
"660","Nanyumbu",2023-08-01,2,2018-06-01
"661","Nanyumbu",2023-11-01,3,2018-06-01
"662","Nanyumbu",2023-12-01,5,2018-06-01
"663","Newala",2018-07-01,3,2018-06-01
"664","Newala",2019-05-01,1,2018-06-01
"665","Newala",2019-09-01,1,2018-06-01
"666","Newala",2020-03-01,1,2018-06-01
"667","Newala",2020-07-01,1,2018-06-01
"668","Newala",2021-02-01,1,2018-06-01
"669","Newala",2021-05-01,1,2018-06-01
"670","Newala",2021-08-01,1,2018-06-01
"671","Newala",2022-04-01,3,2018-06-01
"672","Newala",2022-11-01,1,2018-06-01
"673","Newala",2023-04-01,2,2018-06-01
"674","Newala",2023-05-01,1,2018-06-01
"675","Newala",2023-06-01,1,2018-06-01
"676","Newala",2023-12-01,5,2018-06-01
"677","Rorya",2018-06-01,5,2018-06-01
"678","Rorya",2018-07-01,1,2018-06-01
"679","Rorya",2018-08-01,4,2018-06-01
"680","Rorya",2018-09-01,1,2018-06-01
"681","Rorya",2019-04-01,3,2018-06-01
"682","Rorya",2019-05-01,2,2018-06-01
"683","Rorya",2019-06-01,5,2018-06-01
"684","Rorya",2019-07-01,3,2018-06-01
"685","Rorya",2019-08-01,3,2018-06-01
"686","Rorya",2019-09-01,1,2018-06-01
"687","Rorya",2019-10-01,1,2018-06-01
"688","Rorya",2019-11-01,3,2018-06-01
"689","Rorya",2019-12-01,2,2018-06-01
"690","Rorya",2020-01-01,7,2018-06-01
"691","Rorya",2020-02-01,4,2018-06-01
"692","Rorya",2020-03-01,3,2018-06-01
"693","Rorya",2020-04-01,1,2018-06-01
"694","Rorya",2020-05-01,1,2018-06-01
"695","Rorya",2020-06-01,2,2018-06-01
"696","Rorya",2020-07-01,7,2018-06-01
"697","Rorya",2020-08-01,4,2018-06-01
"698","Rorya",2020-09-01,4,2018-06-01
"699","Rorya",2020-10-01,6,2018-06-01
"700","Rorya",2020-11-01,4,2018-06-01
"701","Rorya",2020-12-01,3,2018-06-01
"702","Rorya",2021-01-01,7,2018-06-01
"703","Rorya",2021-02-01,5,2018-06-01
"704","Rorya",2021-03-01,1,2018-06-01
"705","Rorya",2021-05-01,1,2018-06-01
"706","Rorya",2021-06-01,5,2018-06-01
"707","Rorya",2021-07-01,3,2018-06-01
"708","Rorya",2021-08-01,5,2018-06-01
"709","Rorya",2021-09-01,6,2018-06-01
"710","Rorya",2021-10-01,3,2018-06-01
"711","Rorya",2021-11-01,8,2018-06-01
"712","Rorya",2021-12-01,8,2018-06-01
"713","Rorya",2022-01-01,1,2018-06-01
"714","Rorya",2022-02-01,1,2018-06-01
"715","Rorya",2022-03-01,9,2018-06-01
"716","Rorya",2022-04-01,7,2018-06-01
"717","Rorya",2022-05-01,8,2018-06-01
"718","Rorya",2022-06-01,3,2018-06-01
"719","Rorya",2022-07-01,2,2018-06-01
"720","Rorya",2022-08-01,3,2018-06-01
"721","Rorya",2022-10-01,1,2018-06-01
"722","Rorya",2022-11-01,5,2018-06-01
"723","Rorya",2022-12-01,6,2018-06-01
"724","Rorya",2023-01-01,5,2018-06-01
"725","Rorya",2023-02-01,6,2018-06-01
"726","Rorya",2023-03-01,6,2018-06-01
"727","Rorya",2023-04-01,3,2018-06-01
"728","Rorya",2023-06-01,6,2018-06-01
"729","Rorya",2023-07-01,6,2018-06-01
"730","Rorya",2023-08-01,4,2018-06-01
"731","Rorya",2023-09-01,8,2018-06-01
"732","Rorya",2023-10-01,6,2018-06-01
"733","Rorya",2023-11-01,4,2018-06-01
"734","Rorya",2023-12-01,1,2018-06-01
"735","Ruangwa",2018-06-01,2,2018-06-01
"736","Ruangwa",2018-07-01,4,2018-06-01
"737","Ruangwa",2018-08-01,13,2018-06-01
"738","Ruangwa",2018-09-01,3,2018-06-01
"739","Ruangwa",2018-10-01,3,2018-06-01
"740","Ruangwa",2018-11-01,10,2018-06-01
"741","Ruangwa",2018-12-01,3,2018-06-01
"742","Ruangwa",2019-01-01,1,2018-06-01
"743","Ruangwa",2019-02-01,1,2018-06-01
"744","Ruangwa",2019-03-01,5,2018-06-01
"745","Ruangwa",2019-04-01,2,2018-06-01
"746","Ruangwa",2019-05-01,4,2018-06-01
"747","Ruangwa",2019-08-01,1,2018-06-01
"748","Ruangwa",2019-10-01,1,2018-06-01
"749","Ruangwa",2019-12-01,1,2018-06-01
"750","Ruangwa",2020-01-01,1,2018-06-01
"751","Ruangwa",2020-07-01,1,2018-06-01
"752","Ruangwa",2020-08-01,1,2018-06-01
"753","Ruangwa",2021-03-01,4,2018-06-01
"754","Ruangwa",2022-01-01,1,2018-06-01
"755","Ruangwa",2022-02-01,1,2018-06-01
"756","Ruangwa",2022-05-01,2,2018-06-01
"757","Ruangwa",2022-06-01,1,2018-06-01
"758","Ruangwa",2022-07-01,4,2018-06-01
"759","Ruangwa",2022-08-01,2,2018-06-01
"760","Ruangwa",2022-10-01,3,2018-06-01
"761","Ruangwa",2022-11-01,5,2018-06-01
"762","Ruangwa",2023-01-01,1,2018-06-01
"763","Ruangwa",2023-02-01,2,2018-06-01
"764","Ruangwa",2023-03-01,9,2018-06-01
"765","Ruangwa",2023-04-01,4,2018-06-01
"766","Ruangwa",2023-06-01,6,2018-06-01
"767","Ruangwa",2023-07-01,1,2018-06-01
"768","Ruangwa",2023-08-01,1,2018-06-01
"769","Tandahimba",2018-06-01,1,2018-06-01
"770","Tandahimba",2018-07-01,2,2018-06-01
"771","Tandahimba",2018-08-01,7,2018-06-01
"772","Tandahimba",2018-09-01,3,2018-06-01
"773","Tandahimba",2018-10-01,1,2018-06-01
"774","Tandahimba",2018-11-01,2,2018-06-01
"775","Tandahimba",2018-12-01,5,2018-06-01
"776","Tandahimba",2019-01-01,4,2018-06-01
"777","Tandahimba",2019-02-01,12,2018-06-01
"778","Tandahimba",2019-03-01,5,2018-06-01
"779","Tandahimba",2019-04-01,2,2018-06-01
"780","Tandahimba",2019-07-01,1,2018-06-01
"781","Tandahimba",2020-07-01,1,2018-06-01
"782","Tandahimba",2020-09-01,1,2018-06-01
"783","Tandahimba",2020-10-01,1,2018-06-01
"784","Tandahimba",2021-01-01,2,2018-06-01
"785","Tandahimba",2021-02-01,3,2018-06-01
"786","Tandahimba",2021-03-01,2,2018-06-01
"787","Tandahimba",2021-04-01,3,2018-06-01
"788","Tandahimba",2021-08-01,1,2018-06-01
"789","Tandahimba",2021-09-01,2,2018-06-01
"790","Tandahimba",2021-10-01,2,2018-06-01
"791","Tandahimba",2021-11-01,2,2018-06-01
"792","Tandahimba",2022-02-01,7,2018-06-01
"793","Tandahimba",2022-04-01,1,2018-06-01
"794","Tandahimba",2022-08-01,1,2018-06-01
"795","Tandahimba",2022-09-01,2,2018-06-01
"796","Tandahimba",2022-10-01,1,2018-06-01
"797","Tandahimba",2022-11-01,1,2018-06-01
"798","Tandahimba",2023-04-01,1,2018-06-01
"799","Tandahimba",2023-05-01,1,2018-06-01
"800","Tandahimba",2023-08-01,1,2018-06-01
"801","Tandahimba",2023-12-01,1,2018-06-01
"802","Tarime",2018-07-01,3,2018-06-01
"803","Tarime",2018-08-01,3,2018-06-01
"804","Tarime",2018-09-01,3,2018-06-01
"805","Tarime",2018-10-01,11,2018-06-01
"806","Tarime",2018-11-01,1,2018-06-01
"807","Tarime",2018-12-01,3,2018-06-01
"808","Tarime",2019-01-01,2,2018-06-01
"809","Tarime",2019-02-01,3,2018-06-01
"810","Tarime",2019-03-01,2,2018-06-01
"811","Tarime",2019-04-01,4,2018-06-01
"812","Tarime",2019-05-01,2,2018-06-01
"813","Tarime",2019-06-01,2,2018-06-01
"814","Tarime",2019-07-01,1,2018-06-01
"815","Tarime",2019-08-01,1,2018-06-01
"816","Tarime",2019-09-01,5,2018-06-01
"817","Tarime",2019-11-01,2,2018-06-01
"818","Tarime",2019-12-01,1,2018-06-01
"819","Tarime",2020-01-01,1,2018-06-01
"820","Tarime",2020-02-01,2,2018-06-01
"821","Tarime",2020-03-01,2,2018-06-01
"822","Tarime",2020-04-01,2,2018-06-01
"823","Tarime",2020-05-01,1,2018-06-01
"824","Tarime",2020-06-01,1,2018-06-01
"825","Tarime",2020-07-01,3,2018-06-01
"826","Tarime",2020-08-01,2,2018-06-01
"827","Tarime",2020-10-01,2,2018-06-01
"828","Tarime",2020-11-01,13,2018-06-01
"829","Tarime",2020-12-01,10,2018-06-01
"830","Tarime",2021-02-01,2,2018-06-01
"831","Tarime",2021-03-01,4,2018-06-01
"832","Tarime",2021-04-01,3,2018-06-01
"833","Tarime",2021-06-01,6,2018-06-01
"834","Tarime",2021-07-01,8,2018-06-01
"835","Tarime",2021-08-01,5,2018-06-01
"836","Tarime",2021-09-01,2,2018-06-01
"837","Tarime",2021-10-01,5,2018-06-01
"838","Tarime",2021-11-01,2,2018-06-01
"839","Tarime",2021-12-01,2,2018-06-01
"840","Tarime",2022-02-01,1,2018-06-01
"841","Tarime",2022-03-01,3,2018-06-01
"842","Tarime",2022-04-01,5,2018-06-01
"843","Tarime",2022-05-01,9,2018-06-01
"844","Tarime",2022-06-01,3,2018-06-01
"845","Tarime",2022-07-01,10,2018-06-01
"846","Tarime",2022-08-01,2,2018-06-01
"847","Tarime",2022-09-01,1,2018-06-01
"848","Tarime",2023-01-01,4,2018-06-01
"849","Tarime",2023-02-01,10,2018-06-01
"850","Tarime",2023-03-01,5,2018-06-01
"851","Tarime",2023-04-01,5,2018-06-01
"852","Tarime",2023-05-01,3,2018-06-01
"853","Tarime",2023-06-01,9,2018-06-01
"854","Tarime",2023-07-01,8,2018-06-01
"855","Tarime",2023-08-01,14,2018-06-01
"856","Tarime",2023-09-01,3,2018-06-01
"857","Tarime",2023-10-01,8,2018-06-01
"858","Tarime",2023-11-01,8,2018-06-01
"859","Tarime",2023-12-01,4,2018-06-01
"860","Ulanga",2018-06-01,3,2018-06-01
"861","Ulanga",2018-07-01,10,2018-06-01
"862","Ulanga",2018-08-01,4,2018-06-01
"863","Ulanga",2018-09-01,8,2018-06-01
"864","Ulanga",2018-10-01,16,2018-06-01
"865","Ulanga",2018-11-01,19,2018-06-01
"866","Ulanga",2018-12-01,10,2018-06-01
"867","Ulanga",2019-01-01,9,2018-06-01
"868","Ulanga",2019-02-01,15,2018-06-01
"869","Ulanga",2019-03-01,21,2018-06-01
"870","Ulanga",2019-04-01,49,2018-06-01
"871","Ulanga",2019-05-01,47,2018-06-01
"872","Ulanga",2019-06-01,26,2018-06-01
"873","Ulanga",2019-07-01,31,2018-06-01
"874","Ulanga",2019-08-01,23,2018-06-01
"875","Ulanga",2019-09-01,29,2018-06-01
"876","Ulanga",2019-10-01,3,2018-06-01
"877","Ulanga",2019-11-01,2,2018-06-01
"878","Ulanga",2019-12-01,1,2018-06-01
"879","Ulanga",2020-01-01,13,2018-06-01
"880","Ulanga",2020-02-01,5,2018-06-01
"881","Ulanga",2020-03-01,19,2018-06-01
"882","Ulanga",2020-04-01,11,2018-06-01
"883","Ulanga",2020-05-01,7,2018-06-01
"884","Ulanga",2020-06-01,18,2018-06-01
"885","Ulanga",2020-07-01,20,2018-06-01
"886","Ulanga",2020-08-01,13,2018-06-01
"887","Ulanga",2020-09-01,8,2018-06-01
"888","Ulanga",2020-10-01,10,2018-06-01
"889","Ulanga",2020-11-01,8,2018-06-01
"890","Ulanga",2020-12-01,1,2018-06-01
"891","Ulanga",2021-01-01,7,2018-06-01
"892","Ulanga",2021-02-01,6,2018-06-01
"893","Ulanga",2021-03-01,5,2018-06-01
"894","Ulanga",2021-04-01,15,2018-06-01
"895","Ulanga",2021-05-01,24,2018-06-01
"896","Ulanga",2021-06-01,17,2018-06-01
"897","Ulanga",2021-07-01,16,2018-06-01
"898","Ulanga",2021-08-01,14,2018-06-01
"899","Ulanga",2021-09-01,12,2018-06-01
"900","Ulanga",2021-10-01,19,2018-06-01
"901","Ulanga",2021-11-01,20,2018-06-01
"902","Ulanga",2021-12-01,11,2018-06-01
"903","Ulanga",2022-01-01,20,2018-06-01
"904","Ulanga",2022-02-01,19,2018-06-01
"905","Ulanga",2022-03-01,22,2018-06-01
"906","Ulanga",2022-04-01,14,2018-06-01
"907","Ulanga",2022-05-01,17,2018-06-01
"908","Ulanga",2022-06-01,31,2018-06-01
"909","Ulanga",2022-07-01,31,2018-06-01
"910","Ulanga",2022-08-01,21,2018-06-01
"911","Ulanga",2022-09-01,17,2018-06-01
"912","Ulanga",2022-10-01,13,2018-06-01
"913","Ulanga",2022-11-01,19,2018-06-01
"914","Ulanga",2022-12-01,21,2018-06-01
"915","Ulanga",2023-01-01,17,2018-06-01
"916","Ulanga",2023-02-01,10,2018-06-01
"917","Ulanga",2023-03-01,32,2018-06-01
"918","Ulanga",2023-04-01,8,2018-06-01
"919","Ulanga",2023-05-01,13,2018-06-01
"920","Ulanga",2023-06-01,21,2018-06-01
"921","Ulanga",2023-07-01,27,2018-06-01
"922","Ulanga",2023-08-01,5,2018-06-01
"923","Ulanga",2023-09-01,7,2018-06-01
"924","Ulanga",2023-10-01,9,2018-06-01
"925","Ulanga",2023-11-01,3,2018-06-01
"926","Ulanga",2023-12-01,9,2018-06-01
