scenarios,Country ,Population,HDR,horizon,mu,k,pBite_healthy,pSeek_healthy,pStart_healthy,pComplete_healthy,pSeek_exposure,pStart_exposure,pComplete_exposure,pDeath,pPrevent,full_cost,partial_cost,mdv_campaign_budget,base_vax_cov,vaccinate_dog_cost,target_vax_cov,pInvestigate,pFound,pTestable,pFP
base_low,Tanzania,67500000,15,5,0.38,0.72,0.01,0.2,1,0.9,0.75,1,0.9,0.17,0.986,45,25,NULL,0.05,2.5,0.05,0.01,0.25,0.75,0.025
base_low,Malawi,22500000,11,5,0.38,0.72,0.01,0.2,1,0.9,0.7,1,0.9,0.17,0.986,45,25,NULL,0.05,2.5,0.05,0.01,0.25,0.75,0.025
base_low,Uganda,49300000,11,5,0.38,0.72,0.01,0.2,1,0.9,0.75,1,0.9,0.17,0.986,45,25,NULL,0.05,2.5,0.05,0.01,0.25,0.75,0.025
base_low,Kenya,55300000,11,5,0.38,0.72,0.01,0.2,1,0.9,0.77,1,0.9,0.17,0.986,45,25,NULL,0.05,2.5,0.05,0.01,0.25,0.75,0.025
base,Tanzania,67500000,15,5,0.38,0.72,0.01,0.2,1,0.9,0.75,1,0.9,0.17,0.986,45,25,NULL,0.1,2.5,0.1,0.01,0.25,0.75,0.025
base,Malawi,22500000,11,5,0.38,0.72,0.01,0.2,1,0.9,0.7,1,0.9,0.17,0.986,45,25,NULL,0.1,2.5,0.1,0.01,0.25,0.75,0.025
base,Uganda,49300000,11,5,0.38,0.72,0.01,0.2,1,0.9,0.75,1,0.9,0.17,0.986,45,25,NULL,0.1,2.5,0.1,0.01,0.25,0.75,0.025
base,Kenya,55300000,11,5,0.38,0.72,0.01,0.2,1,0.9,0.77,1,0.9,0.17,0.986,45,25,NULL,0.1,2.5,0.1,0.01,0.25,0.75,0.025
base_high,Tanzania,67500000,15,5,0.38,0.72,0.01,0.2,1,0.9,0.75,1,0.9,0.17,0.986,45,25,NULL,0.2,2.5,0.2,0.2,0.25,0.75,0.025
base_high,Malawi,22500000,11,5,0.38,0.72,0.01,0.2,1,0.9,0.7,1,0.9,0.17,0.986,45,25,NULL,0.2,2.5,0.2,0.2,0.25,0.75,0.025
base_high,Uganda,49300000,11,5,0.38,0.72,0.01,0.2,1,0.9,0.75,1,0.9,0.17,0.986,45,25,NULL,0.2,2.5,0.2,0.2,0.25,0.75,0.025
base_high,Kenya,55300000,11,5,0.38,0.72,0.01,0.2,1,0.9,0.77,1,0.9,0.17,0.986,45,25,NULL,0.2,2.5,0.2,0.2,0.25,0.75,0.025
imp_access,Tanzania,67500000,15,5,0.38,0.72,0.01,0.4,1,0.8,0.9,1,0.95,0.17,0.986,45,25,NULL,0.1,2.5,0.1,0.1,0.25,0.75,0.025
imp_access,Malawi,22500000,11,5,0.38,0.72,0.01,0.4,1,0.8,0.9,1,0.95,0.17,0.986,45,25,NULL,0.1,2.5,0.1,0.1,0.25,0.75,0.025
imp_access,Uganda,49300000,11,5,0.38,0.72,0.01,0.4,1,0.8,0.9,1,0.95,0.17,0.986,45,25,NULL,0.1,2.5,0.1,0.1,0.25,0.75,0.025
imp_access,Kenya,55300000,11,5,0.38,0.72,0.01,0.4,1,0.8,0.9,1,0.95,0.17,0.986,45,25,NULL,0.1,2.5,0.1,0.1,0.25,0.75,0.025
imp_access_low,Tanzania,67500000,15,5,0.38,0.72,0.01,0.4,1,0.8,0.9,1,0.95,0.17,0.986,45,25,NULL,0.05,2.5,0.05,0.1,0.25,0.75,0.025
imp_access_low,Malawi,22500000,11,5,0.38,0.72,0.01,0.4,1,0.8,0.9,1,0.95,0.17,0.986,45,25,NULL,0.05,2.5,0.05,0.1,0.25,0.75,0.025
imp_access_low,Uganda,49300000,11,5,0.38,0.72,0.01,0.4,1,0.8,0.9,1,0.95,0.17,0.986,45,25,NULL,0.05,2.5,0.05,0.1,0.25,0.75,0.025
imp_access_low,Kenya,55300000,11,5,0.38,0.72,0.01,0.4,1,0.8,0.9,1,0.95,0.17,0.986,45,25,NULL,0.05,2.5,0.05,0.1,0.25,0.75,0.025
imp_access_high,Tanzania,67500000,15,5,0.38,0.72,0.01,0.4,1,0.8,0.9,1,0.95,0.17,0.986,45,25,NULL,0.2,2.5,0.2,0.1,0.25,0.75,0.025
imp_access_high,Malawi,22500000,11,5,0.38,0.72,0.01,0.4,1,0.8,0.9,1,0.95,0.17,0.986,45,25,NULL,0.2,2.5,0.2,0.1,0.25,0.75,0.025
imp_access_high,Uganda,49300000,11,5,0.38,0.72,0.01,0.4,1,0.8,0.9,1,0.95,0.17,0.986,45,25,NULL,0.2,2.5,0.2,0.1,0.25,0.75,0.025
imp_access_high,Kenya,55300000,11,5,0.38,0.72,0.01,0.4,1,0.8,0.9,1,0.95,0.17,0.986,45,25,NULL,0.2,2.5,0.2,0.1,0.25,0.75,0.025
imp_access_MDV,Tanzania,67500000,15,5,0.38,0.72,0.01,0.4,1,0.8,0.9,1,0.95,0.17,0.986,45,25,NULL,0.1,2.5,0.3,0.1,0.25,0.75,0.025
imp_access_MDV,Malawi,22500000,11,5,0.38,0.72,0.01,0.4,1,0.8,0.9,1,0.95,0.17,0.986,45,25,NULL,0.1,2.5,0.3,0.1,0.25,0.75,0.025
imp_access_MDV,Uganda,49300000,11,5,0.38,0.72,0.01,0.4,1,0.8,0.9,1,0.95,0.17,0.986,45,25,NULL,0.1,2.5,0.3,0.1,0.25,0.75,0.025
imp_access_MDV,Kenya,55300000,11,5,0.38,0.72,0.01,0.4,1,0.8,0.9,1,0.95,0.17,0.986,45,25,NULL,0.1,2.5,0.3,0.1,0.25,0.75,0.025